,sentence#,word,pos,tag
0,0.0,Preheat,VB,U-Action
1,0.0,oven,NN,U-Utensil
2,0.0,to,IN,O
3,0.0,425,CD,O
4,0.0,degrees,NNS,O
5,0.0,F.,NN,O
6,1.0,Press,NN,U-Action
7,1.0,dough,NN,O
8,1.0,into,IN,O
9,1.0,the,DT,O
10,1.0,bottom,NN,O
11,1.0,and,CC,O
12,1.0,sides,NNS,O
13,1.0,of,IN,O
14,1.0,a,DT,O
15,1.0,12,CD,O
16,1.0,inch,NN,O
17,1.0,pizza,NN,B-Utensil
18,1.0,pan,NN,L-Utensil
19,1.0,.,.,O
20,2.0,Bake,VB,U-Action
21,2.0,for,IN,O
22,2.0,5,CD,O
23,2.0,minutes,NNS,O
24,2.0,until,IN,O
25,2.0,set,NN,O
26,2.0,but,CC,O
27,2.0,not,RB,O
28,2.0,browned,VBN,U-Action
29,2.0,.,.,O
30,3.0,Cut,VBN,U-Action
31,3.0,sausage,NN,U-Ingredient
32,3.0,into,IN,O
33,3.0,small,JJ,O
34,3.0,pieces,NNS,O
35,3.0,.,.,O
36,4.0,Whisk,VB,U-Action
37,4.0,eggs,NNS,U-Ingredient
38,4.0,and,CC,O
39,4.0,milk,NN,U-Ingredient
40,4.0,in,IN,O
41,4.0,a,DT,O
42,4.0,bowl,NN,U-Utensil
43,4.0,until,IN,O
44,4.0,frothy,JJ,O
45,4.0,.,.,O
46,5.0,Spoon,VB,U-Action
47,5.0,sausage,NN,U-Ingredient
48,5.0,over,IN,O
49,5.0,baked,JJ,O
50,5.0,crust,NN,O
51,5.0,and,CC,O
52,5.0,sprinkle,VB,U-Action
53,5.0,with,IN,O
54,5.0,cheese,NN,U-Ingredient
55,5.0,.,.,O
56,6.0,Pour,VB,U-Action
57,6.0,egg,NN,U-Ingredient
58,6.0,mixture,NN,O
59,6.0,slowly,RB,O
60,6.0,over,IN,O
61,6.0,sausage,NN,U-Ingredient
62,6.0,and,CC,O
63,6.0,cheese,NN,U-Ingredient
64,6.0,.,.,O
65,7.0,S,NNP,O
66,7.0,&,CC,O
67,7.0,P,NNP,O
68,7.0,to,TO,O
69,7.0,taste,VB,O
70,7.0,.,.,O
71,8.0,Bake,VB,U-Action
72,8.0,15,CD,O
73,8.0,-,SYM,O
74,8.0,20,CD,O
75,8.0,minutes,NNS,O
76,8.0,or,CC,O
77,8.0,until,IN,O
78,8.0,eggs,NNS,U-Ingredient
79,8.0,are,VBP,O
80,8.0,set,VBN,O
81,8.0,and,CC,O
82,8.0,crust,NN,O
83,8.0,is,VBZ,O
84,8.0,brown,JJ,O
85,8.0,.,.,O
86,9.0,Brown,JJ,U-Action
87,9.0,ground,NN,B-Ingredient
88,9.0,beef,NN,L-Ingredient
89,9.0,in,IN,O
90,9.0,large,JJ,B-Utensil
91,9.0,pot,NN,L-Utensil
92,9.0,.,.,O
93,10.0,Add,VB,U-Action
94,10.0,chopped,JJ,O
95,10.0,onions,NNS,U-Ingredient
96,10.0,to,TO,O
97,10.0,ground,VB,B-Ingredient
98,10.0,beef,NN,L-Ingredient
99,10.0,when,WRB,O
100,10.0,almost,RB,O
101,10.0,brown,JJ,O
102,10.0,and,CC,O
103,10.0,sautee,VBP,U-Action
104,10.0,until,IN,O
105,10.0,wilted,JJ,O
106,10.0,.,.,O
107,11.0,Add,VB,U-Action
108,11.0,all,DT,O
109,11.0,other,JJ,O
110,11.0,ingredients,NNS,O
111,11.0,.,.,O
112,12.0,Add,VB,U-Action
113,12.0,kidney,NN,B-Ingredient
114,12.0,beans,NNS,L-Ingredient
115,12.0,if,IN,O
116,12.0,you,PRP,O
117,12.0,like,VBP,O
118,12.0,beans,NNS,U-Ingredient
119,12.0,in,IN,O
120,12.0,your,PRP$,O
121,12.0,chili,NN,O
122,12.0,.,.,O
123,13.0,Cook,VB,U-Action
124,13.0,in,IN,O
125,13.0,slow,JJ,B-Utensil
126,13.0,cooker,NN,L-Utensil
127,13.0,on,IN,O
128,13.0,high,JJ,O
129,13.0,for,IN,O
130,13.0,2,CD,O
131,13.0,-,SYM,O
132,13.0,3,CD,O
133,13.0,hours,NNS,O
134,13.0,or,CC,O
135,13.0,6,CD,O
136,13.0,-,SYM,O
137,13.0,8,CD,O
138,13.0,hours,NNS,O
139,13.0,on,IN,O
140,13.0,low,JJ,O
141,13.0,.,.,O
142,14.0,Serve,VB,U-Action
143,14.0,with,IN,O
144,14.0,cold,JJ,O
145,14.0,clean,JJ,O
146,14.0,lettuce,NN,U-Ingredient
147,14.0,and,CC,O
148,14.0,shredded,VBN,B-Ingredient
149,14.0,cheese,NN,L-Ingredient
150,14.0,(,-LRB-,O
151,14.0,It,PRP,O
152,14.0,'s,VBZ,O
153,14.0,a,DT,O
154,14.0,Cajun,NNP,O
155,14.0,thing,NN,O
156,14.0,),-RRB-,O
157,14.0,.,.,O
158,15.0,Place,NN,U-Action
159,15.0,potatoes,NNS,U-Ingredient
160,15.0,in,IN,O
161,15.0,a,DT,O
162,15.0,large,JJ,B-Utensil
163,15.0,pot,NN,L-Utensil
164,15.0,of,IN,O
165,15.0,lightly,RB,O
166,15.0,salted,VBN,O
167,15.0,water,NN,O
168,15.0,and,CC,O
169,15.0,bring,VB,O
170,15.0,to,IN,O
171,15.0,a,DT,O
172,15.0,gentle,JJ,O
173,15.0,boil,NN,O
174,15.0,.,.,O
175,16.0,Cook,VB,U-Action
176,16.0,until,IN,O
177,16.0,potatoes,NNS,U-Ingredient
178,16.0,are,VBP,O
179,16.0,just,RB,O
180,16.0,tender,JJ,O
181,16.0,.,.,O
182,17.0,Garnish,VB,U-Action
183,17.0,with,IN,O
184,17.0,finely,RB,O
185,17.0,diced,VBN,O
186,17.0,red,JJ,O
187,17.0,and,CC,O
188,17.0,yellow,JJ,O
189,17.0,bell,NNP,B-Ingredient
190,17.0,peppers,NNS,L-Ingredient
191,17.0,.,.,O
192,18.0,Drain,NN,U-Action
193,18.0,.,.,O
194,19.0,Place,NN,U-Action
195,19.0,potatoes,NNS,U-Ingredient
196,19.0,in,IN,O
197,19.0,a,DT,O
198,19.0,large,JJ,B-Utensil
199,19.0,bowl,NN,L-Utensil
200,19.0,and,CC,O
201,19.0,add,VB,U-Action
202,19.0,all,DT,O
203,19.0,ingredients,NNS,O
204,19.0,except,IN,O
205,19.0,"the""Alouette",NNP,O
206,19.0,"""",'',O
207,19.0,.,.,O
208,20.0,Mix,VB,U-Action
209,20.0,well,RB,O
210,20.0,and,CC,O
211,20.0,transfer,VB,U-Action
212,20.0,to,IN,O
213,20.0,a,DT,O
214,20.0,buttered,VBN,O
215,20.0,8x8,NNP,O
216,20.0,inch,NN,O
217,20.0,glass,NN,B-Utensil
218,20.0,baking,NN,I-Utensil
219,20.0,dish,NN,L-Utensil
220,20.0,with,IN,O
221,20.0,2,CD,O
222,20.0,inch,NN,O
223,20.0,sides,NNS,O
224,20.0,.,.,O
225,21.0,Press,VB,U-Action
226,21.0,the,DT,O
227,21.0,potatoes,NNS,U-Ingredient
228,21.0,with,IN,O
229,21.0,a,DT,O
230,21.0,spatula,NN,U-Utensil
231,21.0,to,TO,O
232,21.0,make,VB,O
233,21.0,top,NN,O
234,21.0,as,RB,O
235,21.0,flat,JJ,O
236,21.0,as,IN,O
237,21.0,possible,JJ,O
238,21.0,.,.,O
239,22.0,Set,VB,U-Action
240,22.0,aside,RB,O
241,22.0,for,IN,O
242,22.0,2,CD,O
243,22.0,hours,NNS,O
244,22.0,at,IN,O
245,22.0,room,NN,O
246,22.0,temperature,NN,O
247,22.0,.,.,O
248,23.0,Preheat,VB,U-Action
249,23.0,oven,NN,U-Utensil
250,23.0,to,IN,O
251,23.0,350^F.,NN,O
252,24.0,"Spread""Alouette",NNP,O
253,24.0,"""",'',O
254,24.0,evenly,RB,O
255,24.0,over,IN,O
256,24.0,potatoes,NNS,U-Ingredient
257,24.0,and,CC,O
258,24.0,bake,VB,U-Action
259,24.0,15,CD,O
260,24.0,minutes,NNS,O
261,24.0,.,.,O
262,25.0,Divide,VB,U-Action
263,25.0,between,IN,O
264,25.0,plates,NNS,U-Utensil
265,25.0,.,.,O
266,26.0,Mix,VB,U-Action
267,26.0,all,DT,O
268,26.0,ingredients,NNS,O
269,26.0,&,CC,O
270,26.0,boil,VB,U-Action
271,26.0,for,IN,O
272,26.0,2,CD,O
273,26.0,1/2,CD,O
274,26.0,hours,NNS,O
275,26.0,",",",",O
276,26.0,or,CC,O
277,26.0,until,IN,O
278,26.0,thick,JJ,O
279,26.0,.,.,O
280,27.0,Pour,VB,U-Action
281,27.0,into,IN,O
282,27.0,jars,NNS,U-Utensil
283,27.0,.,.,O
284,28.0,(,-LRB-,O
285,28.0,no,DT,O
286,28.0,need,NN,O
287,28.0,to,TO,O
288,28.0,heat,VB,U-Action
289,28.0,filled,VBN,O
290,28.0,jars,NNS,U-Utensil
291,28.0,),-RRB-,O
292,28.0,.,.,O
293,29.0,I,PRP,O
294,29.0,use'old,VBD,O
295,29.0,',``,O
296,29.0,glass,NN,B-Utensil
297,29.0,ketchup,NN,I-Utensil
298,29.0,bottles,NNS,L-Utensil
299,29.0,.,.,O
300,30.0,It,PRP,O
301,30.0,is,VBZ,O
302,30.0,not,RB,O
303,30.0,necessary,JJ,O
304,30.0,for,IN,O
305,30.0,these,DT,O
306,30.0,to'seal,NN,O
307,30.0,.,.,O
308,31.0,',``,O
309,31.0,My,PRP$,O
310,31.0,Amish,JJ,O
311,31.0,mother,NN,O
312,31.0,-,HYPH,O
313,31.0,in,IN,O
314,31.0,-,HYPH,O
315,31.0,law,NN,O
316,31.0,has,VBZ,O
317,31.0,been,VBN,O
318,31.0,making,VBG,O
319,31.0,this,DT,O
320,31.0,her,PRP$,O
321,31.0,entire,JJ,O
322,31.0,life,NN,O
323,31.0,",",",",O
324,31.0,and,CC,O
325,31.0,has,VBZ,O
326,31.0,never,RB,O
327,31.0,used,VBN,O
328,31.0,a'sealed,NNP,O
329,31.0,','',O
330,31.0,jar,NN,U-Utensil
331,31.0,for,IN,O
332,31.0,this,DT,O
333,31.0,recipe,NN,O
334,31.0,",",",",O
335,31.0,and,CC,O
336,31.0,it,PRP,O
337,31.0,'s,VBZ,O
338,31.0,always,RB,O
339,31.0,been,VBN,O
340,31.0,great,JJ,O
341,31.0,!,.,O
342,32.0,Combine,VB,U-Action
343,32.0,ingredients,NNS,O
344,32.0,in,IN,O
345,32.0,blender,NN,U-Utensil
346,32.0,;,:,O
347,32.0,cover,NN,U-Action
348,32.0,and,CC,O
349,32.0,blend,VB,U-Action
350,32.0,until,IN,O
351,32.0,smooth,JJ,O
352,32.0,.,.,O
353,33.0,Sprinkle,VB,U-Action
354,33.0,with,IN,O
355,33.0,ground,NN,B-Ingredient
356,33.0,cinnamon,NN,L-Ingredient
357,33.0,.,.,O
358,34.0,Makes,VBZ,O
359,34.0,about,RB,O
360,34.0,2,CD,O
361,34.0,cups,NNS,O
362,34.0,.,.,O
363,35.0,Depending,VBG,O
364,35.0,on,IN,O
365,35.0,size,NN,O
366,35.0,of,IN,O
367,35.0,squash,NN,U-Ingredient
368,35.0,",",",",O
369,35.0,cut,VBN,U-Action
370,35.0,into,IN,O
371,35.0,half,NN,O
372,35.0,or,CC,O
373,35.0,fourths,NNS,O
374,35.0,.,.,O
375,36.0,Remove,VB,U-Action
376,36.0,seeds,NNS,O
377,36.0,.,.,O
378,37.0,For,IN,O
379,37.0,spicy,JJ,O
380,37.0,squash,NN,U-Ingredient
381,37.0,",",",",O
382,37.0,drizzle,NN,U-Action
383,37.0,(,-LRB-,O
384,37.0,roughly,RB,O
385,37.0,1/2,CD,O
386,37.0,teaspoon,NN,O
387,37.0,),-RRB-,O
388,37.0,olive,NN,B-Ingredient
389,37.0,oil,NN,L-Ingredient
390,37.0,or,CC,O
391,37.0,melted,VBN,O
392,37.0,butter,NN,U-Ingredient
393,37.0,over,IN,O
394,37.0,each,DT,O
395,37.0,cut,VBN,O
396,37.0,squash,NN,U-Ingredient
397,37.0,piece,NN,O
398,37.0,.,.,O
399,37.0,Season,NN,U-Action
400,37.0,with,IN,O
401,37.0,Mexican,NNP,O
402,37.0,Seasoning,NNP,O
403,37.0,Mix,NNP,O
404,37.0,II,NNP,O
405,37.0,.,.,O
406,38.0,For,IN,O
407,38.0,sweet,JJ,O
408,38.0,squash,NN,U-Ingredient
409,38.0,",",",",O
410,38.0,drizzle,NN,U-Action
411,38.0,(,-LRB-,O
412,38.0,roughly,RB,O
413,38.0,1/2,CD,O
414,38.0,teaspoon,NN,O
415,38.0,),-RRB-,O
416,38.0,melted,VBN,O
417,38.0,honey,NN,U-Ingredient
418,38.0,",",",",O
419,38.0,butter,NN,U-Ingredient
420,38.0,",",",",O
421,38.0,grated,VBN,B-Ingredient
422,38.0,piloncillo,NN,L-Ingredient
423,38.0,(,-LRB-,O
424,38.0,or,CC,O
425,38.0,any,DT,O
426,38.0,combination,NN,O
427,38.0,of,IN,O
428,38.0,),-RRB-,O
429,38.0,over,IN,O
430,38.0,each,DT,O
431,38.0,cut,VBN,O
432,38.0,squash,NN,U-Ingredient
433,38.0,piece,NN,O
434,38.0,.,.,O
435,38.0,Season,NN,U-Action
436,38.0,with,IN,O
437,38.0,Sweet,NNP,O
438,38.0,Mexican,NNP,O
439,38.0,Spice,NNP,O
440,38.0,Mix,NNP,O
441,38.0,.,.,O
442,39.0,Bake,VB,U-Action
443,39.0,at,IN,O
444,39.0,350,CD,O
445,39.0,degrees,NNS,O
446,39.0,",",",",O
447,39.0,again,RB,O
448,39.0,depending,VBG,O
449,39.0,on,IN,O
450,39.0,size,NN,O
451,39.0,",",",",O
452,39.0,for,IN,O
453,39.0,40,CD,O
454,39.0,minutes,NNS,O
455,39.0,up,IN,O
456,39.0,to,IN,O
457,39.0,an,DT,O
458,39.0,hour,NN,O
459,39.0,",",",",O
460,39.0,until,IN,O
461,39.0,a,DT,O
462,39.0,fork,NN,U-Utensil
463,39.0,can,MD,O
464,39.0,easily,RB,O
465,39.0,pierce,VB,U-Action
466,39.0,the,DT,O
467,39.0,skin,NN,O
468,39.0,.,.,O
469,40.0,Be,VB,O
470,40.0,careful,JJ,O
471,40.0,not,RB,O
472,40.0,to,TO,O
473,40.0,burn,VB,U-Action
474,40.0,the,DT,O
475,40.0,squash,NN,U-Ingredient
476,40.0,especially,RB,O
477,40.0,if,IN,O
478,40.0,you,PRP,O
479,40.0,opt,VBP,O
480,40.0,to,TO,O
481,40.0,use,VB,O
482,40.0,sugar,NN,U-Ingredient
483,40.0,or,CC,O
484,40.0,butter,NN,U-Ingredient
485,40.0,.,.,O
486,40.0,If,IN,O
487,40.0,you,PRP,O
488,40.0,feel,VBP,O
489,40.0,more,RBR,O
490,40.0,comfortable,JJ,O
491,40.0,",",",",O
492,40.0,cover,VB,U-Action
493,40.0,the,DT,O
494,40.0,squash,NN,U-Ingredient
495,40.0,with,IN,O
496,40.0,aluminum,NN,B-Utensil
497,40.0,foil,NN,L-Utensil
498,40.0,the,DT,O
499,40.0,first,JJ,O
500,40.0,half,JJ,O
501,40.0,hour,NN,O
502,40.0,",",",",O
503,40.0,give,VB,O
504,40.0,or,CC,O
505,40.0,take,VB,O
506,40.0,",",",",O
507,40.0,of,IN,O
508,40.0,baking,NN,O
509,40.0,.,.,O
510,41.0,If,IN,O
511,41.0,desired,VBN,O
512,41.0,",",",",O
513,41.0,season,NN,U-Action
514,41.0,with,IN,O
515,41.0,salt,NN,U-Ingredient
516,41.0,.,.,O
517,42.0,Toast,VB,U-Action
518,42.0,the,DT,O
519,42.0,fennel,NN,B-Ingredient
520,42.0,seeds,NNS,L-Ingredient
521,42.0,and,CC,O
522,42.0,lightly,RB,O
523,42.0,crush,VB,U-Action
524,42.0,them,PRP,O
525,42.0,.,.,O
526,43.0,Place,VB,U-Action
527,43.0,all,PDT,O
528,43.0,the,DT,O
529,43.0,ingredients,NNS,O
530,43.0,in,IN,O
531,43.0,a,DT,O
532,43.0,bowl,NN,U-Utensil
533,43.0,",",",",O
534,43.0,stir,VB,U-Action
535,43.0,well,RB,O
536,43.0,.,.,O
537,44.0,Cover,VB,U-Action
538,44.0,and,CC,O
539,44.0,leave,VB,U-Action
540,44.0,to,TO,O
541,44.0,marinate,VB,O
542,44.0,.,.,O
543,45.0,Keep,VB,U-Action
544,45.0,refrigerated,JJ,O
545,45.0,and,CC,O
546,45.0,use,VB,O
547,45.0,within,IN,O
548,45.0,1,CD,O
549,45.0,to,IN,O
550,45.0,2,CD,O
551,45.0,days,NNS,O
552,45.0,.,.,O
553,46.0,In,IN,O
554,46.0,a,DT,O
555,46.0,medium,JJ,B-Utensil
556,46.0,saucepan,NN,L-Utensil
557,46.0,combine,VBP,U-Action
558,46.0,all,PDT,O
559,46.0,the,DT,O
560,46.0,ingredients,NNS,O
561,46.0,for,IN,O
562,46.0,Sauce#1,NNP,O
563,46.0,",",",",O
564,46.0,bring,VB,U-Action
565,46.0,to,IN,O
566,46.0,a,DT,O
567,46.0,full,JJ,O
568,46.0,rolling,JJ,O
569,46.0,boil,NN,O
570,46.0,",",",",O
571,46.0,reduce,VB,U-Action
572,46.0,heat,NN,O
573,46.0,to,IN,O
574,46.0,medium,NN,B-Utensil
575,46.0,low,JJ,O
576,46.0,and,CC,O
577,46.0,simmer,VB,U-Action
578,46.0,for,IN,O
579,46.0,1,CD,O
580,46.0,hour,NN,O
581,46.0,",",",",O
582,46.0,stirring,VBG,U-Action
583,46.0,often,RB,O
584,46.0,.,.,O
585,47.0,Rub,VB,U-Action
586,47.0,the,DT,O
587,47.0,ribs,NNS,U-Ingredient
588,47.0,with,IN,O
589,47.0,soy,NN,B-Ingredient
590,47.0,sauce,NN,L-Ingredient
591,47.0,",",",",O
592,47.0,garlic,NN,U-Ingredient
593,47.0,",",",",O
594,47.0,ginger,NN,U-Ingredient
595,47.0,",",",",O
596,47.0,chili,NN,B-Ingredient
597,47.0,powder,NN,L-Ingredient
598,47.0,",",",",O
599,47.0,pepper,NN,U-Ingredient
600,47.0,",",",",O
601,47.0,salt,NN,U-Ingredient
602,47.0,and,CC,O
603,47.0,chopped,VBN,O
604,47.0,cilantro,NN,U-Ingredient
605,47.0,",",",",O
606,47.0,both,DT,O
607,47.0,sides,NNS,O
608,47.0,!,.,O
609,48.0,Wrap,VB,U-Action
610,48.0,ribs,NNS,U-Ingredient
611,48.0,in,IN,O
612,48.0,heavy,JJ,B-Utensil
613,48.0,duty,NN,I-Utensil
614,48.0,foil,NN,L-Utensil
615,48.0,.,.,O
616,49.0,Let,VB,O
617,49.0,Stand,VB,O
618,49.0,1,CD,O
619,49.0,hour,NN,O
620,49.0,.,.,O
621,50.0,Preheat,VB,U-Action
622,50.0,oven,NN,U-Utensil
623,50.0,to,IN,O
624,50.0,350,CD,O
625,50.0,degrees,NNS,O
626,50.0,.,.,O
627,51.0,Place,NN,U-Action
628,51.0,Ribs,NNS,U-Ingredient
629,51.0,in,IN,O
630,51.0,oven,NN,O
631,51.0,for,IN,O
632,51.0,1,CD,O
633,51.0,hour,NN,O
634,51.0,",",",",O
635,51.0,turning,VBG,U-Action
636,51.0,once,RB,O
637,51.0,after,IN,O
638,51.0,30,CD,O
639,51.0,minutes,NNS,O
640,51.0,.,.,O
641,52.0,3,CD,O
642,52.0,times,NNS,O
643,52.0,during,IN,O
644,52.0,cooking,VBG,O
645,52.0,the,DT,O
646,52.0,ribs,NNS,U-Ingredient
647,52.0,open,JJ,U-Action
648,52.0,foil,NN,U-Utensil
649,52.0,wrap,NN,O
650,52.0,and,CC,O
651,52.0,drizzle,VB,U-Action
652,52.0,ribs,NNS,U-Ingredient
653,52.0,with,IN,O
654,52.0,Sauce#1,NNS,O
655,52.0,.,.,O
656,53.0,Place,VB,U-Action
657,53.0,all,PDT,O
658,53.0,the,DT,O
659,53.0,ingredients,NNS,O
660,53.0,for,IN,O
661,53.0,sauce#2,NNP,O
662,53.0,in,IN,O
663,53.0,a,DT,O
664,53.0,glass,NN,U-Utensil
665,53.0,or,CC,O
666,53.0,plastic,NN,B-Utensil
667,53.0,bowl,NN,L-Utensil
668,53.0,",",",",O
669,53.0,whisk,VB,U-Action
670,53.0,well,RB,O
671,53.0,and,CC,O
672,53.0,set,VB,O
673,53.0,aside,RB,O
674,53.0,.,.,O
675,54.0,Remove,VB,U-Action
676,54.0,ribs,NNS,U-Ingredient
677,54.0,from,IN,O
678,54.0,oven,NN,U-Utensil
679,54.0,and,CC,O
680,54.0,place,NN,U-Action
681,54.0,on,IN,O
682,54.0,serving,VBG,O
683,54.0,platter,NN,U-Utensil
684,54.0,.,.,O
685,55.0,Offer,VB,O
686,55.0,both,DT,O
687,55.0,sauces,NNS,O
688,55.0,at,IN,O
689,55.0,table,NN,O
690,55.0,to,TO,O
691,55.0,drizzle,VB,U-Action
692,55.0,over,IN,O
693,55.0,ribs,NNS,U-Ingredient
694,55.0,.,.,O
695,56.0,Crumble,VB,U-Action
696,56.0,cookies,NNS,O
697,56.0,into,IN,O
698,56.0,a,DT,O
699,56.0,9-inch,JJ,O
700,56.0,pie,NN,B-Utensil
701,56.0,plate,NN,L-Utensil
702,56.0,",",",",O
703,56.0,or,CC,O
704,56.0,cake,NN,B-Utensil
705,56.0,pan,NN,L-Utensil
706,56.0,.,.,O
707,57.0,Pat,VB,U-Action
708,57.0,down,RP,O
709,57.0,to,TO,O
710,57.0,form,VB,O
711,57.0,an,DT,O
712,57.0,even,JJ,O
713,57.0,layer,NN,O
714,57.0,.,.,O
715,58.0,Drizzle,NNP,U-Action
716,58.0,1,CD,O
717,58.0,cup,NN,U-Utensil
718,58.0,of,IN,O
719,58.0,chocolate,NN,U-Ingredient
720,58.0,topping,VBG,O
721,58.0,evenly,RB,O
722,58.0,over,IN,O
723,58.0,the,DT,O
724,58.0,cookies,NNS,U-Ingredient
725,58.0,with,IN,O
726,58.0,a,DT,O
727,58.0,small,JJ,B-Utensil
728,58.0,spoon,NN,L-Utensil
729,58.0,.,.,O
730,59.0,Scoop,VB,U-Action
731,59.0,the,DT,O
732,59.0,vanilla,NN,U-Ingredient
733,59.0,ice,NN,B-Ingredient
734,59.0,cream,NN,L-Ingredient
735,59.0,on,IN,O
736,59.0,top,NN,O
737,59.0,of,IN,O
738,59.0,the,DT,O
739,59.0,chocolate,NN,U-Ingredient
740,59.0,and,CC,O
741,59.0,smooth,VB,O
742,59.0,down,RP,O
743,59.0,.,.,O
744,60.0,Cover,VB,U-Action
745,60.0,with,IN,O
746,60.0,half,NN,O
747,60.0,of,IN,O
748,60.0,the,DT,O
749,60.0,sliced,VBN,B-Ingredient
750,60.0,bananas,NNS,L-Ingredient
751,60.0,.,.,O
752,61.0,Top,JJ,U-Action
753,61.0,with,IN,O
754,61.0,strawberry,NN,U-Ingredient
755,61.0,ice,NN,B-Ingredient
756,61.0,cream,NN,L-Ingredient
757,61.0,.,.,O
758,62.0,Cover,VB,U-Action
759,62.0,and,CC,O
760,62.0,freeze,VB,U-Action
761,62.0,until,IN,O
762,62.0,firm,NN,O
763,62.0,.,.,O
764,63.0,(,-LRB-,O
765,63.0,at,RB,O
766,63.0,least,RBS,O
767,63.0,three,CD,O
768,63.0,hours,NNS,O
769,63.0,or,CC,O
770,63.0,overnight,RB,O
771,63.0,),-RRB-,O
772,63.0,Before,IN,O
773,63.0,serving,VBG,U-Action
774,63.0,",",",",O
775,63.0,top,NN,U-Action
776,63.0,with,IN,O
777,63.0,1/4,CD,O
778,63.0,cup,NN,O
779,63.0,chocolate,NN,U-Ingredient
780,63.0,topping,NN,O
781,63.0,",",",",O
782,63.0,whipped,VBN,B-Ingredient
783,63.0,cream,NN,L-Ingredient
784,63.0,",",",",O
785,63.0,and,CC,O
786,63.0,sliced,VBN,O
787,63.0,bananas,NNS,U-Ingredient
788,63.0,.,.,O
789,64.0,Preheat,VB,U-Action
790,64.0,oven,NN,U-Utensil
791,64.0,to,IN,O
792,64.0,350,CD,O
793,64.0,degrees,NNS,O
794,64.0,.,.,O
795,65.0,Butter,NN,U-Action
796,65.0,two,CD,O
797,65.0,9x5,CD,O
798,65.0,"""",``,O
799,65.0,loaf,NN,B-Utensil
800,65.0,pans,NNS,L-Utensil
801,65.0,.,.,O
802,66.0,Cool,VB,U-Action
803,66.0,the,DT,O
804,66.0,loaves,NNS,U-Ingredient
805,66.0,on,IN,O
806,66.0,racks,NNS,O
807,66.0,for,IN,O
808,66.0,30,CD,O
809,66.0,minutes,NNS,O
810,66.0,before,IN,O
811,66.0,removing,VBG,U-Action
812,66.0,from,IN,O
813,66.0,the,DT,O
814,66.0,pans,NNS,U-Utensil
815,66.0,.,.,O
816,67.0,Freezes,VBZ,O
817,67.0,well,RB,O
818,67.0,.,.,O
819,68.0,Cream,VB,U-Action
820,68.0,the,DT,O
821,68.0,sugar,NN,U-Ingredient
822,68.0,and,CC,O
823,68.0,the,DT,O
824,68.0,butter,NN,U-Ingredient
825,68.0,until,IN,O
826,68.0,light,NN,O
827,68.0,and,CC,O
828,68.0,whipped,VBN,O
829,68.0,(,-LRB-,O
830,68.0,until,IN,O
831,68.0,creamy,NNP,O
832,68.0,),-RRB-,O
833,68.0,.,.,O
834,69.0,Add,VB,U-Action
835,69.0,the,DT,O
836,69.0,bananas,NNS,U-Ingredient
837,69.0,",",",",O
838,69.0,eggs,NNS,U-Ingredient
839,69.0,",",",",O
840,69.0,lemon,NN,B-Ingredient
841,69.0,juice,NN,L-Ingredient
842,69.0,",",",",O
843,69.0,orange,JJ,B-Ingredient
844,69.0,rind,NN,L-Ingredient
845,69.0,.,.,O
846,70.0,Beat,VB,U-Action
847,70.0,until,IN,O
848,70.0,blended,VBN,O
849,70.0,uniformly,RB,O
850,70.0,.,.,O
851,71.0,Be,VB,O
852,71.0,patient,JJ,O
853,71.0,",",",",O
854,71.0,and,CC,O
855,71.0,beat,VBD,U-Action
856,71.0,until,IN,O
857,71.0,the,DT,O
858,71.0,banana,NN,U-Ingredient
859,71.0,lumps,NNS,O
860,71.0,are,VBP,O
861,71.0,gone,VBN,O
862,71.0,.,.,O
863,72.0,Sift,VB,U-Action
864,72.0,the,DT,O
865,72.0,dry,JJ,O
866,72.0,ingredients,NNS,O
867,72.0,together,RB,O
868,72.0,.,.,O
869,73.0,Fold,VB,U-Action
870,73.0,lightly,RB,O
871,73.0,and,CC,O
872,73.0,thoroughly,RB,O
873,73.0,into,IN,O
874,73.0,the,DT,O
875,73.0,banana,NN,U-Ingredient
876,73.0,mixture,NN,O
877,73.0,.,.,O
878,74.0,Pour,VB,U-Action
879,74.0,the,DT,O
880,74.0,batter,NN,O
881,74.0,into,IN,O
882,74.0,prepared,JJ,O
883,74.0,loaf,NN,B-Utensil
884,74.0,pans,NNS,L-Utensil
885,74.0,.,.,O
886,75.0,Bake,VB,U-Action
887,75.0,for,IN,O
888,75.0,45,CD,O
889,75.0,to,TO,O
890,75.0,55,CD,O
891,75.0,minutes,NNS,O
892,75.0,",",",",O
893,75.0,until,IN,O
894,75.0,the,DT,O
895,75.0,loaves,NNS,U-Ingredient
896,75.0,are,VBP,O
897,75.0,firm,JJ,O
898,75.0,in,IN,O
899,75.0,the,DT,O
900,75.0,middle,NN,O
901,75.0,and,CC,O
902,75.0,the,DT,O
903,75.0,edges,NNS,O
904,75.0,begin,VBP,O
905,75.0,to,TO,O
906,75.0,pull,VB,O
907,75.0,away,RB,O
908,75.0,from,IN,O
909,75.0,the,DT,O
910,75.0,pans,NNS,U-Utensil
911,75.0,.,.,O
912,76.0,In,IN,O
913,76.0,medium,JJ,B-Utensil
914,76.0,size,NN,I-Utensil
915,76.0,bowl,NN,L-Utensil
916,76.0,",",",",O
917,76.0,coarsely,RB,O
918,76.0,mash,NNP,U-Action
919,76.0,cranberry,NN,U-Ingredient
920,76.0,sauce,NN,O
921,76.0,.,.,O
922,77.0,Stir,VB,U-Action
923,77.0,in,IN,O
924,77.0,sour,JJ,B-Ingredient
925,77.0,cream,NN,L-Ingredient
926,77.0,and,CC,O
927,77.0,horseradish,NN,U-Ingredient
928,77.0,until,IN,O
929,77.0,well,RB,O
930,77.0,blended,VBN,O
931,77.0,.,.,O
932,78.0,Crush,VB,U-Action
933,78.0,vanilla,NN,B-Ingredient
934,78.0,wafers,NNS,L-Ingredient
935,78.0,into,IN,O
936,78.0,fine,JJ,O
937,78.0,crumbs,NNS,O
938,78.0,and,CC,O
939,78.0,line,VB,O
940,78.0,a,DT,O
941,78.0,square,JJ,O
942,78.0,8,CD,O
943,78.0,"""",``,O
944,78.0,x8,NNP,O
945,78.0,"""",'',O
946,78.0,pan,NN,U-Utensil
947,78.0,.,.,O
948,79.0,Mix,NN,U-Action
949,79.0,butter,NN,U-Ingredient
950,79.0,or,CC,O
951,79.0,margarine,NN,U-Ingredient
952,79.0,and,CC,O
953,79.0,sugar,NN,U-Ingredient
954,79.0,;,:,O
955,79.0,add,VB,U-Action
956,79.0,beaten,VBN,O
957,79.0,eggs,NNS,U-Ingredient
958,79.0,.,.,O
959,80.0,Spread,VB,U-Action
960,80.0,the,DT,O
961,80.0,mixture,NN,U-Ingredient
962,80.0,over,IN,O
963,80.0,the,DT,O
964,80.0,wafer,NN,B-Ingredient
965,80.0,crumbs,NNS,L-Ingredient
966,80.0,.,.,O
967,81.0,Crush,NN,U-Action
968,81.0,strawberries,NNS,U-Ingredient
969,81.0,and,CC,O
970,81.0,spread,VB,U-Action
971,81.0,over,IN,O
972,81.0,sugar,NN,U-Ingredient
973,81.0,",",",",O
974,81.0,egg,NN,U-Ingredient
975,81.0,",",",",O
976,81.0,and,CC,O
977,81.0,butter,NN,U-Ingredient
978,81.0,mixture,NN,O
979,81.0,.,.,O
980,82.0,Cover,NN,U-Action
981,82.0,strawberries,NNS,U-Ingredient
982,82.0,with,IN,O
983,82.0,whipped,VBN,B-Ingredient
984,82.0,cream,NN,L-Ingredient
985,82.0,.,.,O
986,83.0,Sprinkle,VB,U-Action
987,83.0,with,IN,O
988,83.0,chopped,VBN,B-Ingredient
989,83.0,nuts,NNS,L-Ingredient
990,83.0,.,.,O
991,84.0,Chill,VB,U-Action
992,84.0,24,CD,O
993,84.0,hours,NNS,O
994,84.0,.,.,O
995,85.0,In,IN,O
996,85.0,a,DT,O
997,85.0,very,RB,B-Utensil
998,85.0,large,JJ,I-Utensil
999,85.0,sauce,NN,I-Utensil
1000,85.0,pan,NN,L-Utensil
1001,85.0,cover,VB,O
1002,85.0,the,DT,O
1003,85.0,beans,NNS,U-Ingredient
1004,85.0,and,CC,O
1005,85.0,bouillon,NN,B-Ingredient
1006,85.0,cubes,NNS,L-Ingredient
1007,85.0,in,IN,O
1008,85.0,3,CD,O
1009,85.0,inches,NNS,O
1010,85.0,of,IN,O
1011,85.0,water,NN,O
1012,85.0,.,.,O
1013,86.0,Bring,VB,U-Action
1014,86.0,to,IN,O
1015,86.0,a,DT,O
1016,86.0,boil,NN,U-Action
1017,86.0,",",",",O
1018,86.0,cover,NN,U-Action
1019,86.0,",",",",O
1020,86.0,and,CC,O
1021,86.0,let,VB,O
1022,86.0,sit,VB,O
1023,86.0,for,IN,O
1024,86.0,1,CD,O
1025,86.0,1/2,CD,O
1026,86.0,hours,NNS,O
1027,86.0,.,.,O
1028,87.0,Preheat,VB,U-Action
1029,87.0,oven,NN,U-Utensil
1030,87.0,to,IN,O
1031,87.0,350,CD,O
1032,87.0,degrees,NNS,O
1033,87.0,F.,NN,O
1034,88.0,Drain,VB,U-Action
1035,88.0,and,CC,O
1036,88.0,pour,VB,U-Action
1037,88.0,beans,NNS,U-Ingredient
1038,88.0,into,IN,O
1039,88.0,a,DT,O
1040,88.0,9'x11,CD,O
1041,88.0,',``,O
1042,88.0,pan,NN,U-Utensil
1043,88.0,.,.,O
1044,89.0,Add,VB,U-Action
1045,89.0,the,DT,O
1046,89.0,rest,NN,O
1047,89.0,over,IN,O
1048,89.0,the,DT,O
1049,89.0,ingredients,NNS,O
1050,89.0,",",",",O
1051,89.0,stir,VB,U-Action
1052,89.0,",",",",O
1053,89.0,and,CC,O
1054,89.0,bake,VB,U-Action
1055,89.0,until,IN,O
1056,89.0,all,PDT,O
1057,89.0,the,DT,O
1058,89.0,water,NN,U-Ingredient
1059,89.0,has,VBZ,O
1060,89.0,evaporated,VBN,O
1061,89.0,",",",",O
1062,89.0,about,RB,O
1063,89.0,3,CD,O
1064,89.0,hours,NNS,O
1065,89.0,.,.,O
1066,90.0,Remove,VB,U-Action
1067,90.0,from,IN,O
1068,90.0,oven,NN,U-Utensil
1069,90.0,",",",",O
1070,90.0,cover,NN,U-Action
1071,90.0,",",",",O
1072,90.0,and,CC,O
1073,90.0,let,VB,O
1074,90.0,sit,VB,O
1075,90.0,overnight,RB,O
1076,90.0,.,.,O
1077,91.0,Preheat,VB,U-Action
1078,91.0,oven,NN,U-Utensil
1079,91.0,to,IN,O
1080,91.0,350,CD,O
1081,91.0,degrees,NNS,O
1082,91.0,F.,NN,O
1083,92.0,Add,VB,U-Action
1084,92.0,the,DT,O
1085,92.0,next,JJ,O
1086,92.0,5,CD,O
1087,92.0,cups,NNS,O
1088,92.0,of,IN,O
1089,92.0,water,NN,I-Ingredient
1090,92.0,",",",",O
1091,92.0,and,CC,O
1092,92.0,bake,VB,U-Action
1093,92.0,until,IN,O
1094,92.0,all,PDT,O
1095,92.0,the,DT,O
1096,92.0,water,NN,I-Ingredient
1097,92.0,has,VBZ,O
1098,92.0,evaporated,VBN,O
1099,92.0,",",",",O
1100,92.0,about,RB,O
1101,92.0,3,CD,O
1102,92.0,hours,NNS,O
1103,92.0,.,.,O
1104,93.0,Serving,VBG,O
1105,93.0,suggestions,NNS,O
1106,93.0,:,:,O
1107,93.0,Challah,NN,B-Ingredient
1108,93.0,bread,NN,L-Ingredient
1109,93.0,",",",",O
1110,93.0,steak,NN,U-Ingredient
1111,93.0,",",",",O
1112,93.0,hamburgers,NNS,U-Ingredient
1113,93.0,.,.,O
1114,94.0,Put,VB,U-Action
1115,94.0,prepared,JJ,O
1116,94.0,greens,NNS,O
1117,94.0,in,IN,O
1118,94.0,large,JJ,B-Utensil
1119,94.0,pot,NN,L-Utensil
1120,94.0,.,.,O
1121,95.0,Add,VB,U-Action
1122,95.0,water,NN,U-Ingredient
1123,95.0,(,-LRB-,O
1124,95.0,maybe,RB,O
1125,95.0,a,DT,O
1126,95.0,half,NN,O
1127,95.0,of,IN,O
1128,95.0,pot,NN,O
1129,95.0,),-RRB-,O
1130,95.0,.,.,O
1131,96.0,Bring,VB,U-Action
1132,96.0,to,IN,O
1133,96.0,a,DT,O
1134,96.0,boil,NN,U-Action
1135,96.0,",",",",O
1136,96.0,and,CC,O
1137,96.0,boil,VB,U-Action
1138,96.0,for,IN,O
1139,96.0,one,CD,O
1140,96.0,hour,NN,O
1141,96.0,.,.,O
1142,97.0,Add,VB,U-Action
1143,97.0,sugar,NN,U-Ingredient
1144,97.0,",",",",O
1145,97.0,molasses,NN,U-Ingredient
1146,97.0,",",",",O
1147,97.0,hot,JJ,B-Ingredient
1148,97.0,sauce,NN,L-Ingredient
1149,97.0,",",",",O
1150,97.0,whiskey,NN,U-Ingredient
1151,97.0,",",",",O
1152,97.0,and,CC,O
1153,97.0,ham,NN,B-Ingredient
1154,97.0,hock,NNP,L-Ingredient
1155,97.0,.,.,O
1156,98.0,Bring,VB,U-Action
1157,98.0,to,IN,O
1158,98.0,a,DT,O
1159,98.0,boil,NN,U-Action
1160,98.0,again,RB,O
1161,98.0,",",",",O
1162,98.0,and,CC,O
1163,98.0,boil,VB,U-Action
1164,98.0,for,IN,O
1165,98.0,another,DT,O
1166,98.0,hour,NN,O
1167,98.0,.,.,O
1168,99.0,Reduce,VB,U-Action
1169,99.0,heat,NN,O
1170,99.0,and,CC,O
1171,99.0,simmer,VB,U-Action
1172,99.0,for,IN,O
1173,99.0,4,CD,O
1174,99.0,-,SYM,O
1175,99.0,6,CD,O
1176,99.0,hours,NNS,O
1177,99.0,.,.,O
1178,100.0,During,IN,O
1179,100.0,the,DT,O
1180,100.0,last,JJ,O
1181,100.0,hour,NN,O
1182,100.0,of,IN,O
1183,100.0,cooking,NN,O
1184,100.0,",",",",O
1185,100.0,add,VB,U-Action
1186,100.0,a,DT,O
1187,100.0,little,JJ,O
1188,100.0,salt,NN,U-Ingredient
1189,100.0,to,TO,O
1190,100.0,taste,VB,O
1191,100.0,.,.,O
1192,101.0,Combine,VB,U-Action
1193,101.0,herbs,NNS,O
1194,101.0,.,.,O
1195,102.0,Dosage,NN,O
1196,102.0,:,:,O
1197,102.0,One,CD,O
1198,102.0,-,HYPH,O
1199,102.0,half,NN,O
1200,102.0,teaspoonful,NN,O
1201,102.0,mixed,VBN,U-Action
1202,102.0,in,IN,O
1203,102.0,one,CD,O
1204,102.0,-,HYPH,O
1205,102.0,half,NN,O
1206,102.0,glass,NN,O
1207,102.0,of,IN,O
1208,102.0,cold,JJ,O
1209,102.0,water,NN,U-Ingredient
1210,102.0,",",",",O
1211,102.0,followed,VBN,O
1212,102.0,by,IN,O
1213,102.0,a,DT,O
1214,102.0,glass,NN,O
1215,102.0,of,IN,O
1216,102.0,hot,JJ,O
1217,102.0,water,NN,U-Ingredient
1218,102.0,",",",",O
1219,102.0,one,CD,O
1220,102.0,hour,NN,O
1221,102.0,before,IN,O
1222,102.0,each,DT,O
1223,102.0,meal,NN,O
1224,102.0,and,CC,O
1225,102.0,upon,IN,O
1226,102.0,retiring,VBG,O
1227,102.0,.,.,O
1228,103.0,This,DT,O
1229,103.0,can,MD,O
1230,103.0,be,VB,O
1231,103.0,put,VBN,O
1232,103.0,in,IN,O
1233,103.0,gelatin,NN,O
1234,103.0,capsules,NNS,O
1235,103.0,.,.,O
1236,104.0,Two,CD,O
1237,104.0,No,NN,O
1238,104.0,.,.,O
1239,105.0,00,NFP,O
1240,105.0,capsules,NNS,O
1241,105.0,would,MD,O
1242,105.0,contain,VB,O
1243,105.0,the,DT,O
1244,105.0,required,VBN,O
1245,105.0,amount,NN,O
1246,105.0,for,IN,O
1247,105.0,one,CD,O
1248,105.0,dose,NN,O
1249,105.0,.,.,O
1250,106.0,More,JJR,O
1251,106.0,can,MD,O
1252,106.0,be,VB,O
1253,106.0,taken,VBN,O
1254,106.0,with,IN,O
1255,106.0,beneficial,JJ,O
1256,106.0,results,NNS,O
1257,106.0,.,.,O
1258,107.0,Dredge,VB,U-Action
1259,107.0,pork,NN,B-Ingredient
1260,107.0,chops,NNS,L-Ingredient
1261,107.0,in,IN,O
1262,107.0,mixture,NN,O
1263,107.0,of,IN,O
1264,107.0,flour,NN,U-Ingredient
1265,107.0,",",",",O
1266,107.0,salt,NN,U-Ingredient
1267,107.0,",",",",O
1268,107.0,dry,JJ,O
1269,107.0,mustard,NN,U-Ingredient
1270,107.0,and,CC,O
1271,107.0,garlic,NN,U-Ingredient
1272,107.0,powder,NN,O
1273,107.0,.,.,O
1274,108.0,Brown,JJ,O
1275,108.0,in,IN,O
1276,108.0,oil,NN,U-Ingredient
1277,108.0,in,IN,O
1278,108.0,a,DT,O
1279,108.0,large,JJ,B-Utensil
1280,108.0,skillet,NN,L-Utensil
1281,108.0,.,.,O
1282,109.0,Place,NNP,U-Action
1283,109.0,browned,VBN,O
1284,109.0,pork,NN,B-Ingredient
1285,109.0,chops,NNS,L-Ingredient
1286,109.0,in,IN,O
1287,109.0,a,DT,O
1288,109.0,crock,NN,B-Utensil
1289,109.0,pot,NN,L-Utensil
1290,109.0,.,.,O
1291,110.0,Add,VB,U-Action
1292,110.0,the,DT,O
1293,110.0,can,NN,O
1294,110.0,of,IN,O
1295,110.0,soup,NN,U-Ingredient
1296,110.0,",",",",O
1297,110.0,undiluted,JJ,O
1298,110.0,.,.,O
1299,111.0,Cover,VB,U-Action
1300,111.0,and,CC,O
1301,111.0,cook,VB,U-Action
1302,111.0,on,IN,O
1303,111.0,low,NN,O
1304,111.0,for,IN,O
1305,111.0,6,CD,O
1306,111.0,-,SYM,O
1307,111.0,8,CD,O
1308,111.0,hours,NNS,O
1309,111.0,(,-LRB-,O
1310,111.0,or,CC,O
1311,111.0,high,JJ,O
1312,111.0,for,IN,O
1313,111.0,3,CD,O
1314,111.0,1/2,CD,O
1315,111.0,hours,NNS,O
1316,111.0,),-RRB-,O
1317,111.0,.,.,O
1318,112.0,Drain,VB,U-Action
1319,112.0,green,JJ,B-Ingredient
1320,112.0,chiles,NNS,L-Ingredient
1321,112.0,.,.,O
1322,113.0,Sprinkle,VB,U-Action
1323,113.0,cornstarch,NN,U-Ingredient
1324,113.0,on,IN,O
1325,113.0,sheet,NN,B-Utensil
1326,113.0,pan,NNP,L-Utensil
1327,113.0,.,.,O
1328,114.0,Open,VB,U-Action
1329,114.0,up,RP,O
1330,114.0,chile,NN,U-Ingredient
1331,114.0,and,CC,O
1332,114.0,place,NN,U-Action
1333,114.0,on,IN,O
1334,114.0,egg,NN,B-Ingredient
1335,114.0,roll,NN,I-Ingredient
1336,114.0,wrapper,NN,L-Ingredient
1337,114.0,with,IN,O
1338,114.0,corner,NN,O
1339,114.0,facing,VBG,O
1340,114.0,you,PRP,O
1341,114.0,.,.,O
1342,115.0,Place,NN,U-Action
1343,115.0,cheese,NN,B-Ingredient
1344,115.0,stick,NN,L-Ingredient
1345,115.0,on,IN,O
1346,115.0,chile,NNP,U-Ingredient
1347,115.0,and,CC,O
1348,115.0,roll,VB,B-Action
1349,115.0,up,RP,L-Action
1350,115.0,",",",",O
1351,115.0,tucking,VBG,U-Action
1352,115.0,in,IN,O
1353,115.0,corners,NNS,O
1354,115.0,and,CC,O
1355,115.0,moistening,VBG,U-Action
1356,115.0,edges,NNS,O
1357,115.0,to,TO,O
1358,115.0,seal,VB,O
1359,115.0,.,.,O
1360,116.0,Toss,VB,U-Action
1361,116.0,in,IN,O
1362,116.0,cornstarch,NN,U-Ingredient
1363,116.0,",",",",O
1364,116.0,dusting,VBG,U-Action
1365,116.0,liberally,RB,O
1366,116.0,.,.,O
1367,117.0,(,-LRB-,O
1368,117.0,Can,MD,O
1369,117.0,be,VB,O
1370,117.0,made,VBN,O
1371,117.0,up,RP,O
1372,117.0,to,IN,O
1373,117.0,this,DT,O
1374,117.0,point,NN,O
1375,117.0,a,DT,O
1376,117.0,day,NN,O
1377,117.0,ahead,RB,O
1378,117.0,.,.,O
1379,117.0,Leave,VB,U-Action
1380,117.0,in,IN,O
1381,117.0,cornstarch,NN,U-Ingredient
1382,117.0,.,.,O
1383,117.0,Cover,NN,U-Action
1384,117.0,and,CC,O
1385,117.0,refrigerate,VB,U-Action
1386,117.0,.,.,O
1387,117.0,),-RRB-,O
1388,117.0,Shake,VB,U-Action
1389,117.0,off,RP,O
1390,117.0,excess,JJ,O
1391,117.0,cornstarch,NN,U-Ingredient
1392,117.0,and,CC,O
1393,117.0,deep,JJ,O
1394,117.0,fry,NN,U-Action
1395,117.0,in,IN,O
1396,117.0,350,CD,O
1397,117.0,oil,NN,U-Ingredient
1398,117.0,to,TO,O
1399,117.0,cover,VB,U-Action
1400,117.0,until,IN,O
1401,117.0,lightly,RB,O
1402,117.0,golden,JJ,O
1403,117.0,and,CC,O
1404,117.0,cheese,NN,U-Ingredient
1405,117.0,just,RB,O
1406,117.0,starts,VBZ,O
1407,117.0,to,TO,O
1408,117.0,ooze,VB,O
1409,117.0,out,RP,O
1410,117.0,.,.,O
1411,118.0,Drain,VB,U-Action
1412,118.0,on,IN,O
1413,118.0,paper,NN,B-Utensil
1414,118.0,towels,NNS,L-Utensil
1415,118.0,and,CC,O
1416,118.0,keep,VB,O
1417,118.0,warm,JJ,O
1418,118.0,in,IN,O
1419,118.0,250,CD,O
1420,118.0,oven,NN,U-Utensil
1421,118.0,.,.,O
1422,119.0,Serve,VB,U-Action
1423,119.0,as,IN,O
1424,119.0,a,DT,O
1425,119.0,side,NN,O
1426,119.0,dish,NN,O
1427,119.0,or,CC,O
1428,119.0,appetizer,NN,O
1429,119.0,with,IN,O
1430,119.0,your,PRP$,O
1431,119.0,favorite,JJ,O
1432,119.0,Mexican,JJ,O
1433,119.0,meal,NN,O
1434,119.0,.,.,O
1435,120.0,Add,VB,U-Action
1436,120.0,your,PRP$,O
1437,120.0,favorite,JJ,O
1438,120.0,condi-,NN,B-Ingredient
1439,120.0,ments,NNS,L-Ingredient
1440,120.0,/,SYM,O
1441,120.0,sauces,NNS,U-Ingredient
1442,120.0,.,.,O
1443,121.0,Melt,VB,U-Action
1444,121.0,butterscotch,NN,B-Ingredient
1445,121.0,chips,NNS,L-Ingredient
1446,121.0,in,IN,O
1447,121.0,heavy,JJ,B-Utensil
1448,121.0,saucepan,NN,L-Utensil
1449,121.0,over,IN,O
1450,121.0,low,JJ,O
1451,121.0,heat,NN,O
1452,121.0,.,.,O
1453,122.0,Fold,VB,O
1454,122.0,in,IN,O
1455,122.0,peanuts,NNS,O
1456,122.0,and,CC,O
1457,122.0,chinese,JJ,O
1458,122.0,noodles,NNS,O
1459,122.0,until,IN,O
1460,122.0,coated,VBN,O
1461,122.0,.,.,O
1462,123.0,Drop,VB,U-Action
1463,123.0,by,IN,O
1464,123.0,tablespoon,NN,U-Utensil
1465,123.0,onto,IN,O
1466,123.0,waxed,VBN,B-Utensil
1467,123.0,paper,NN,L-Utensil
1468,123.0,.,.,O
1469,124.0,Let,VB,O
1470,124.0,stand,VB,O
1471,124.0,in,IN,O
1472,124.0,cool,JJ,O
1473,124.0,place,NN,O
1474,124.0,until,IN,O
1475,124.0,firm,NN,O
1476,124.0,.,.,O
1477,125.0,Brown,JJ,U-Action
1478,125.0,ground,NN,B-Ingredient
1479,125.0,meat,NN,L-Ingredient
1480,125.0,and,CC,O
1481,125.0,onion,NN,U-Ingredient
1482,125.0,in,IN,O
1483,125.0,a,DT,O
1484,125.0,large,JJ,B-Utensil
1485,125.0,pot,NN,L-Utensil
1486,125.0,.,.,O
1487,126.0,Add,VB,U-Action
1488,126.0,1/4,CD,O
1489,126.0,cup,NN,O
1490,126.0,of,IN,O
1491,126.0,soy,NN,B-Ingredient
1492,126.0,sauce,NN,L-Ingredient
1493,126.0,.,.,O
1494,127.0,Thinly,RB,O
1495,127.0,slice,VB,U-Action
1496,127.0,the,DT,O
1497,127.0,entire,JJ,O
1498,127.0,bunch,NN,O
1499,127.0,of,IN,O
1500,127.0,celery,NN,U-Ingredient
1501,127.0,",",",",O
1502,127.0,including,VBG,O
1503,127.0,the,DT,O
1504,127.0,leaves,NNS,O
1505,127.0,.,.,O
1506,128.0,Add,VB,U-Action
1507,128.0,beef,NN,B-Ingredient
1508,128.0,broth,NN,L-Ingredient
1509,128.0,and,CC,O
1510,128.0,celery,NN,U-Ingredient
1511,128.0,.,.,O
1512,129.0,Bring,VB,U-Action
1513,129.0,to,IN,O
1514,129.0,a,DT,O
1515,129.0,boil,NN,O
1516,129.0,.,.,O
1517,130.0,Reduce,VB,U-Action
1518,130.0,heat,NN,O
1519,130.0,and,CC,O
1520,130.0,simmer,VB,U-Action
1521,130.0,until,IN,O
1522,130.0,celery,NN,U-Ingredient
1523,130.0,is,VBZ,O
1524,130.0,tender,JJ,O
1525,130.0,.,.,O
1526,131.0,Add,VB,U-Action
1527,131.0,more,JJR,O
1528,131.0,soy,NN,B-Ingredient
1529,131.0,sauce,NN,L-Ingredient
1530,131.0,if,IN,O
1531,131.0,needed,VBN,O
1532,131.0,",",",",O
1533,131.0,to,TO,O
1534,131.0,taste,VB,O
1535,131.0,.,.,O
1536,132.0,Serve,VB,U-Action
1537,132.0,as,IN,O
1538,132.0,an,DT,O
1539,132.0,open,JJ,O
1540,132.0,face,NN,O
1541,132.0,sandwich,NN,O
1542,132.0,over,IN,O
1543,132.0,a,DT,O
1544,132.0,hamburger,NN,B-Ingredient
1545,132.0,bun,NN,L-Ingredient
1546,132.0,.,.,O
1547,133.0,Heat,VB,U-Action
1548,133.0,the,DT,O
1549,133.0,oil,NN,U-Ingredient
1550,133.0,or,CC,O
1551,133.0,margarine,NN,U-Ingredient
1552,133.0,in,IN,O
1553,133.0,a,DT,O
1554,133.0,soup,NN,B-Utensil
1555,133.0,pot,NN,L-Utensil
1556,133.0,and,CC,O
1557,133.0,add,VB,U-Action
1558,133.0,the,DT,O
1559,133.0,onion,NN,U-Ingredient
1560,133.0,and,CC,O
1561,133.0,garlic,NN,U-Ingredient
1562,133.0,.,.,O
1563,134.0,Saute,VB,U-Action
1564,134.0,over,IN,O
1565,134.0,medium,JJ,O
1566,134.0,heat,NN,O
1567,134.0,until,IN,O
1568,134.0,the,DT,O
1569,134.0,onion,NN,U-Ingredient
1570,134.0,is,VBZ,O
1571,134.0,golden,JJ,O
1572,134.0,",",",",O
1573,134.0,about,RB,O
1574,134.0,10,CD,O
1575,134.0,minutes,NNS,O
1576,134.0,.,.,O
1577,135.0,Add,VB,U-Action
1578,135.0,the,DT,O
1579,135.0,cauliflower,NN,U-Ingredient
1580,135.0,",",",",O
1581,135.0,potatoes,NNS,U-Ingredient
1582,135.0,",",",",O
1583,135.0,water,NN,U-Ingredient
1584,135.0,(,-LRB-,O
1585,135.0,with,IN,O
1586,135.0,vegetable,JJ,O
1587,135.0,bouillon,NN,B-Ingredient
1588,135.0,cubes,NNS,L-Ingredient
1589,135.0,already,RB,O
1590,135.0,mixed,VBN,O
1591,135.0,in,IN,O
1592,135.0,),-RRB-,O
1593,135.0,",",",",O
1594,135.0,and,CC,O
1595,135.0,seasonings,NNS,O
1596,135.0,.,.,O
1597,136.0,There,EX,O
1598,136.0,should,MD,O
1599,136.0,be,VB,O
1600,136.0,enough,JJ,O
1601,136.0,broth,NN,O
1602,136.0,to,TO,O
1603,136.0,cover,VB,O
1604,136.0,all,DT,O
1605,136.0,but,CC,O
1606,136.0,about,IN,O
1607,136.0,an,DT,O
1608,136.0,inch,NN,O
1609,136.0,of,IN,O
1610,136.0,the,DT,O
1611,136.0,veggies,NNS,O
1612,136.0,.,.,O
1613,137.0,Bring,VB,O
1614,137.0,to,IN,O
1615,137.0,a,DT,O
1616,137.0,simmer,NN,O
1617,137.0,",",",",O
1618,137.0,then,RB,O
1619,137.0,simmer,VB,O
1620,137.0,gently,RB,O
1621,137.0,covered,VBN,O
1622,137.0,until,IN,O
1623,137.0,the,DT,O
1624,137.0,veggies,NNS,O
1625,137.0,are,VBP,O
1626,137.0,tender,JJ,O
1627,137.0,",",",",O
1628,137.0,about,RB,O
1629,137.0,25,CD,O
1630,137.0,minutes,NNS,O
1631,137.0,.,.,O
1632,138.0,Remove,VB,U-Action
1633,138.0,from,IN,O
1634,138.0,the,DT,O
1635,138.0,heat,NN,O
1636,138.0,Transfer,VB,U-Action
1637,138.0,the,DT,O
1638,138.0,vegetables,NNS,O
1639,138.0,from,IN,O
1640,138.0,the,DT,O
1641,138.0,soup,NN,B-Utensil
1642,138.0,pot,NN,L-Utensil
1643,138.0,to,IN,O
1644,138.0,a,DT,O
1645,138.0,food,NN,B-Utensil
1646,138.0,processor,NN,L-Utensil
1647,138.0,or,CC,O
1648,138.0,blender,NN,U-Utensil
1649,138.0,and,CC,O
1650,138.0,puree,NN,U-Action
1651,138.0,in,IN,O
1652,138.0,batches,NNS,O
1653,138.0,until,IN,O
1654,138.0,smooth,JJ,O
1655,138.0,.,.,O
1656,139.0,Puree,VB,U-Action
1657,139.0,about,IN,O
1658,139.0,half,NN,O
1659,139.0,of,IN,O
1660,139.0,the,DT,O
1661,139.0,beans,NNS,U-Ingredient
1662,139.0,with,IN,O
1663,139.0,each,DT,O
1664,139.0,of,IN,O
1665,139.0,the,DT,O
1666,139.0,two,CD,O
1667,139.0,batches,NNS,O
1668,139.0,of,IN,O
1669,139.0,vegetables,NNS,O
1670,139.0,.,.,O
1671,140.0,Transfer,VB,U-Action
1672,140.0,the,DT,O
1673,140.0,puree,NN,O
1674,140.0,back,RB,O
1675,140.0,into,IN,O
1676,140.0,the,DT,O
1677,140.0,soup,NN,B-Utensil
1678,140.0,pot,NN,L-Utensil
1679,140.0,",",",",O
1680,140.0,stirring,VBG,U-Action
1681,140.0,it,PRP,O
1682,140.0,back,RB,O
1683,140.0,into,IN,O
1684,140.0,whatever,WDT,O
1685,140.0,liquid,NN,O
1686,140.0,remained,VBD,O
1687,140.0,.,.,O
1688,141.0,Let,VB,O
1689,141.0,the,DT,O
1690,141.0,soup,NN,O
1691,141.0,stand,NN,O
1692,141.0,for,IN,O
1693,141.0,1,CD,O
1694,141.0,-,SYM,O
1695,141.0,2,CD,O
1696,141.0,hours,NNS,O
1697,141.0,before,IN,O
1698,141.0,serving,VBG,U-Action
1699,141.0,",",",",O
1700,141.0,then,RB,O
1701,141.0,heat,VB,U-Action
1702,141.0,through,RP,O
1703,141.0,as,IN,O
1704,141.0,needed,VBN,O
1705,141.0,.,.,O
1706,142.0,Ladle,VB,U-Action
1707,142.0,into,IN,O
1708,142.0,soup,NN,B-Utensil
1709,142.0,bowls,NNS,L-Utensil
1710,142.0,and,CC,O
1711,142.0,garnish,VB,U-Action
1712,142.0,the,DT,O
1713,142.0,tops,NNS,O
1714,142.0,with,IN,O
1715,142.0,2,CD,O
1716,142.0,-,SYM,O
1717,142.0,3,CD,O
1718,142.0,garnishes,NNS,O
1719,142.0,.,.,O
1720,143.0,Bring,VB,U-Action
1721,143.0,water,NN,U-Ingredient
1722,143.0,and,CC,O
1723,143.0,salt,NN,U-Ingredient
1724,143.0,to,IN,O
1725,143.0,a,DT,O
1726,143.0,boil,NN,U-Action
1727,143.0,;,:,O
1728,143.0,cut,VB,U-Action
1729,143.0,the,DT,O
1730,143.0,potatoes,NNS,U-Ingredient
1731,143.0,in,IN,O
1732,143.0,half,NN,O
1733,143.0,lengthwise,RB,O
1734,143.0,",",",",O
1735,143.0,and,CC,O
1736,143.0,then,RB,O
1737,143.0,into,IN,O
1738,143.0,1/2,CD,O
1739,143.0,"""",``,O
1740,143.0,thick,JJ,O
1741,143.0,slices,NNS,O
1742,143.0,;,:,O
1743,143.0,boil,VB,U-Action
1744,143.0,over,IN,O
1745,143.0,medium,JJ,O
1746,143.0,-,HYPH,O
1747,143.0,high,JJ,O
1748,143.0,heat,NN,O
1749,143.0,for,IN,O
1750,143.0,twenty,CD,O
1751,143.0,minutes,NNS,O
1752,143.0,.,.,O
1753,144.0,Add,VB,U-Action
1754,144.0,the,DT,O
1755,144.0,spinach,NN,U-Ingredient
1756,144.0,and,CC,O
1757,144.0,boil,VB,U-Action
1758,144.0,another,DT,O
1759,144.0,10,CD,O
1760,144.0,minutes,NNS,O
1761,144.0,being,VBG,O
1762,144.0,careful,JJ,O
1763,144.0,to,TO,O
1764,144.0,not,RB,O
1765,144.0,overcook,VB,U-Action
1766,144.0,in,IN,O
1767,144.0,order,NN,O
1768,144.0,to,TO,O
1769,144.0,maintain,VB,O
1770,144.0,it,PRP,O
1771,144.0,'s,VBZ,O
1772,144.0,bright,JJ,O
1773,144.0,green,JJ,O
1774,144.0,color,NN,O
1775,144.0,.,.,O
1776,145.0,Drain,NN,U-Action
1777,145.0,",",",",O
1778,145.0,reserving,VBG,O
1779,145.0,1,CD,O
1780,145.0,1/4,CD,O
1781,145.0,cups,NNS,O
1782,145.0,cooking,VBG,O
1783,145.0,liquid,NN,O
1784,145.0,;,:,O
1785,145.0,in,IN,O
1786,145.0,a,DT,O
1787,145.0,food,NN,B-Utensil
1788,145.0,processor,NN,L-Utensil
1789,145.0,",",",",O
1790,145.0,process,VB,U-Action
1791,145.0,the,DT,O
1792,145.0,potatoes,NNS,U-Ingredient
1793,145.0,and,CC,O
1794,145.0,spinach,NN,U-Ingredient
1795,145.0,until,IN,O
1796,145.0,very,RB,O
1797,145.0,smooth,JJ,O
1798,145.0,",",",",O
1799,145.0,adding,VBG,U-Action
1800,145.0,the,DT,O
1801,145.0,butter,NN,O
1802,145.0,1/2,CD,O
1803,145.0,T,NN,O
1804,145.0,at,IN,O
1805,145.0,a,DT,O
1806,145.0,time,NN,O
1807,145.0,.,.,O
1808,146.0,Return,VB,U-Action
1809,146.0,the,DT,O
1810,146.0,puree,NN,U-Ingredient
1811,146.0,to,IN,O
1812,146.0,the,DT,O
1813,146.0,pot,NN,U-Utensil
1814,146.0,and,CC,O
1815,146.0,add,VB,U-Action
1816,146.0,the,DT,O
1817,146.0,reserved,JJ,O
1818,146.0,liquid,NN,O
1819,146.0,until,IN,O
1820,146.0,the,DT,O
1821,146.0,desired,VBN,O
1822,146.0,consistency,NN,O
1823,146.0,;,:,O
1824,146.0,reheat,VB,U-Action
1825,146.0,slowly,RB,O
1826,146.0,and,CC,O
1827,146.0,season,NN,U-Action
1828,146.0,with,IN,O
1829,146.0,salt,NN,U-Ingredient
1830,146.0,and,CC,O
1831,146.0,pepper,NN,U-Ingredient
1832,146.0,;,:,O
1833,146.0,ladle,VB,U-Action
1834,146.0,into,IN,O
1835,146.0,shallow,JJ,B-Utensil
1836,146.0,soup,NN,I-Utensil
1837,146.0,plates,NNS,L-Utensil
1838,146.0,and,CC,O
1839,146.0,garnish,VB,U-Action
1840,146.0,with,IN,O
1841,146.0,nutmeg,NN,U-Ingredient
1842,146.0,or,CC,O
1843,146.0,shaved,VBN,B-Ingredient
1844,146.0,cheese,NN,L-Ingredient
1845,146.0,.,.,O
1846,147.0,In,IN,O
1847,147.0,a,DT,O
1848,147.0,3,CD,O
1849,147.0,qt,NN,O
1850,147.0,saucepan,NN,U-Utensil
1851,147.0,over,IN,O
1852,147.0,medium,JJ,O
1853,147.0,high,JJ,O
1854,147.0,heat,NN,O
1855,147.0,",",",",O
1856,147.0,saute,VB,U-Action
1857,147.0,the,DT,O
1858,147.0,onions,NNS,U-Ingredient
1859,147.0,and,CC,O
1860,147.0,scallions,NNS,U-Ingredient
1861,147.0,in,IN,O
1862,147.0,the,DT,O
1863,147.0,apple,NN,B-Ingredient
1864,147.0,juice,NN,L-Ingredient
1865,147.0,and,CC,O
1866,147.0,oil,NN,U-Ingredient
1867,147.0,for,IN,O
1868,147.0,5,CD,O
1869,147.0,minutes,NNS,O
1870,147.0,",",",",O
1871,147.0,stirring,VBG,U-Action
1872,147.0,frequently,RB,O
1873,147.0,.,.,O
1874,148.0,Add,VB,U-Action
1875,148.0,the,DT,O
1876,148.0,spinach,NN,U-Ingredient
1877,148.0,",",",",O
1878,148.0,parsley,NN,U-Ingredient
1879,148.0,and,CC,O
1880,148.0,celery,NN,U-Ingredient
1881,148.0,.,.,O
1882,149.0,Cook,VB,U-Action
1883,149.0,for,IN,O
1884,149.0,5,CD,O
1885,149.0,-,SYM,O
1886,149.0,7,CD,O
1887,149.0,minutes,NNS,O
1888,149.0,",",",",O
1889,149.0,stirring,VBG,U-Action
1890,149.0,occasionally,RB,O
1891,149.0,Add,VB,U-Action
1892,149.0,the,DT,O
1893,149.0,broth,NN,U-Ingredient
1894,149.0,",",",",O
1895,149.0,oats,NN,U-Ingredient
1896,149.0,",",",",O
1897,149.0,salt,NN,U-Ingredient
1898,149.0,",",",",O
1899,149.0,thyme,NNS,U-Ingredient
1900,149.0,and,CC,O
1901,149.0,pepper,NN,U-Ingredient
1902,149.0,.,.,O
1903,150.0,Bring,VB,O
1904,150.0,to,IN,O
1905,150.0,a,DT,O
1906,150.0,boil,NN,U-Action
1907,150.0,",",",",O
1908,150.0,then,RB,O
1909,150.0,lower,VB,U-Action
1910,150.0,the,DT,O
1911,150.0,heat,NN,O
1912,150.0,to,IN,O
1913,150.0,medium,NN,O
1914,150.0,.,.,O
1915,151.0,cover,VB,U-Action
1916,151.0,and,CC,O
1917,151.0,simmer,VB,O
1918,151.0,for,IN,O
1919,151.0,20,CD,O
1920,151.0,minutes,NNS,O
1921,151.0,.,.,O
1922,152.0,Remove,VB,U-Action
1923,152.0,from,IN,O
1924,152.0,the,DT,O
1925,152.0,heat,NN,O
1926,152.0,.,.,O
1927,153.0,Let,VB,O
1928,153.0,the,DT,O
1929,153.0,soup,NN,U-Ingredient
1930,153.0,cool,JJ,O
1931,153.0,for,IN,O
1932,153.0,10,CD,O
1933,153.0,minutes,NNS,O
1934,153.0,.,.,O
1935,154.0,Working,VBG,O
1936,154.0,in,IN,O
1937,154.0,batches,NNS,O
1938,154.0,",",",",O
1939,154.0,puree,VB,U-Action
1940,154.0,in,IN,O
1941,154.0,a,DT,O
1942,154.0,blender,NN,U-Utensil
1943,154.0,until,IN,O
1944,154.0,thick,JJ,O
1945,154.0,and,CC,O
1946,154.0,smooth,JJ,O
1947,154.0,.,.,O
1948,155.0,Return,VB,U-Action
1949,155.0,to,IN,O
1950,155.0,the,DT,O
1951,155.0,pot,NN,U-Utensil
1952,155.0,.,.,O
1953,156.0,Reheat,VB,U-Action
1954,156.0,and,CC,O
1955,156.0,serve,VB,U-Action
1956,156.0,.,.,O
1957,157.0,Combine,VB,U-Action
1958,157.0,soup,NN,U-Ingredient
1959,157.0,",",",",O
1960,157.0,egg,NN,U-Ingredient
1961,157.0,and,CC,O
1962,157.0,seasoned,JJ,B-Ingredient
1963,157.0,salt,NN,L-Ingredient
1964,157.0,in,IN,O
1965,157.0,a,DT,O
1966,157.0,bowl,NN,U-Utensil
1967,157.0,and,CC,O
1968,157.0,set,VBN,O
1969,157.0,aside,RB,O
1970,157.0,(,-LRB-,O
1971,157.0,soup,NN,O
1972,157.0,is,VBZ,O
1973,157.0,already,RB,O
1974,157.0,salted,VBN,O
1975,157.0,so,RB,O
1976,157.0,be,VB,O
1977,157.0,careful,JJ,O
1978,157.0,on,IN,O
1979,157.0,amount,NN,O
1980,157.0,of,IN,O
1981,157.0,seasoned,JJ,B-Ingredient
1982,157.0,salt,NN,L-Ingredient
1983,157.0,you,PRP,O
1984,157.0,add,VBP,O
1985,157.0,),-RRB-,O
1986,157.0,.,.,O
1987,158.0,Mix,VB,U-Action
1988,158.0,together,RB,O
1989,158.0,flour,NN,U-Ingredient
1990,158.0,",",",",O
1991,158.0,cornstarch,NN,U-Ingredient
1992,158.0,",",",",O
1993,158.0,garlic,NN,B-Ingredient
1994,158.0,powder,NN,L-Ingredient
1995,158.0,",",",",O
1996,158.0,paprika,NN,U-Ingredient
1997,158.0,",",",",O
1998,158.0,salt,NN,U-Ingredient
1999,158.0,and,CC,O
2000,158.0,pepper,NN,U-Ingredient
2001,158.0,in,IN,O
2002,158.0,a,DT,O
2003,158.0,resealable,JJ,B-Utensil
2004,158.0,plastic,NN,I-Utensil
2005,158.0,bag,NN,L-Utensil
2006,158.0,.,.,O
2007,159.0,Dip,JJ,U-Action
2008,159.0,chicken,NN,U-Ingredient
2009,159.0,pieces,NNS,O
2010,159.0,into,IN,O
2011,159.0,soup,NN,O
2012,159.0,mixture,NN,O
2013,159.0,and,CC,O
2014,159.0,turn,VB,U-Action
2015,159.0,so,IN,O
2016,159.0,as,IN,O
2017,159.0,to,TO,O
2018,159.0,coat,VB,O
2019,159.0,all,RB,O
2020,159.0,over,RB,O
2021,159.0,.,.,O
2022,160.0,Place,NN,U-Action
2023,160.0,chicken,NN,U-Ingredient
2024,160.0,pieces,NNS,O
2025,160.0,(,-LRB-,O
2026,160.0,one,CD,O
2027,160.0,at,IN,O
2028,160.0,a,DT,O
2029,160.0,time,NN,O
2030,160.0,),-RRB-,O
2031,160.0,in,IN,O
2032,160.0,bag,NN,U-Utensil
2033,160.0,with,IN,O
2034,160.0,flour,NN,U-Ingredient
2035,160.0,mixture,NN,O
2036,160.0,",",",",O
2037,160.0,seal,NN,U-Action
2038,160.0,bag,NN,U-Utensil
2039,160.0,and,CC,O
2040,160.0,shake,VB,U-Action
2041,160.0,to,IN,O
2042,160.0,coat,NN,O
2043,160.0,chicken,NNP,U-Ingredient
2044,160.0,(,-LRB-,O
2045,160.0,if,IN,O
2046,160.0,more,JJR,O
2047,160.0,flour,NN,U-Ingredient
2048,160.0,mixture,NN,O
2049,160.0,is,VBZ,O
2050,160.0,needed,VBN,O
2051,160.0,",",",",O
2052,160.0,add,VB,U-Action
2053,160.0,equal,JJ,O
2054,160.0,amounts,NNS,O
2055,160.0,of,IN,O
2056,160.0,flour,NN,U-Ingredient
2057,160.0,and,CC,O
2058,160.0,cornstarch,NN,U-Ingredient
2059,160.0,to,IN,O
2060,160.0,bag,NN,U-Utensil
2061,160.0,),-RRB-,O
2062,160.0,.,.,O
2063,161.0,Place,NNP,U-Action
2064,161.0,coated,JJ,O
2065,161.0,pieces,NNS,O
2066,161.0,of,IN,O
2067,161.0,chicken,NN,U-Ingredient
2068,161.0,on,IN,O
2069,161.0,a,DT,O
2070,161.0,platter,NN,O
2071,161.0,and,CC,O
2072,161.0,allow,VB,O
2073,161.0,to,TO,O
2074,161.0,set,VB,O
2075,161.0,until,IN,O
2076,161.0,the,DT,O
2077,161.0,coating,NN,O
2078,161.0,becomes,VBZ,O
2079,161.0,doughy,JJ,O
2080,161.0,(,-LRB-,O
2081,161.0,this,DT,O
2082,161.0,is,VBZ,O
2083,161.0,critical,JJ,O
2084,161.0,to,TO,O
2085,161.0,ensure,VB,O
2086,161.0,crispiness,NN,O
2087,161.0,when,WRB,O
2088,161.0,fried,VBN,O
2089,161.0,),-RRB-,O
2090,161.0,.,.,O
2091,162.0,Heat,NN,U-Action
2092,162.0,oil,NN,U-Ingredient
2093,162.0,in,IN,O
2094,162.0,a,DT,O
2095,162.0,deep,JJ,B-Utensil
2096,162.0,fryer,NN,L-Utensil
2097,162.0,or,CC,O
2098,162.0,in,IN,O
2099,162.0,a,DT,O
2100,162.0,skillet,NN,U-Utensil
2101,162.0,over,IN,O
2102,162.0,medium,JJ,O
2103,162.0,heat,NN,O
2104,162.0,",",",",O
2105,162.0,using,VBG,O
2106,162.0,enough,JJ,O
2107,162.0,oil,NN,U-Ingredient
2108,162.0,to,TO,O
2109,162.0,cover,VB,O
2110,162.0,chicken,NN,U-Ingredient
2111,162.0,pieces,NNS,O
2112,162.0,when,WRB,O
2113,162.0,fried,VBN,O
2114,162.0,(,-LRB-,O
2115,162.0,you,PRP,O
2116,162.0,can,MD,O
2117,162.0,test,VB,O
2118,162.0,oil,NN,U-Ingredient
2119,162.0,in,IN,O
2120,162.0,skillet,NN,U-Utensil
2121,162.0,by,IN,O
2122,162.0,dropping,VBG,U-Action
2123,162.0,a,DT,O
2124,162.0,piece,NN,O
2125,162.0,of,IN,O
2126,162.0,the,DT,O
2127,162.0,doughy,JJ,O
2128,162.0,coating,NN,O
2129,162.0,into,IN,O
2130,162.0,the,DT,O
2131,162.0,hot,JJ,O
2132,162.0,oil-,NN,O
2133,162.0,oil,NN,U-Ingredient
2134,162.0,is,VBZ,O
2135,162.0,ready,JJ,O
2136,162.0,when,WRB,O
2137,162.0,dough,NN,O
2138,162.0,begins,VBZ,O
2139,162.0,frying,VBG,O
2140,162.0,immediately,RB,O
2141,162.0,),-RRB-,O
2142,162.0,.,.,O
2143,163.0,Once,IN,O
2144,163.0,chicken,NN,U-Ingredient
2145,163.0,is,VBZ,O
2146,163.0,doughy,JJ,O
2147,163.0,",",",",O
2148,163.0,fry,VB,U-Action
2149,163.0,pieces,NNS,O
2150,163.0,in,IN,O
2151,163.0,oil,NN,U-Ingredient
2152,163.0,for,IN,O
2153,163.0,approx,NN,O
2154,163.0,5,CD,O
2155,163.0,-,SYM,O
2156,163.0,8,CD,O
2157,163.0,minutes,NNS,O
2158,163.0,or,CC,O
2159,163.0,until,IN,O
2160,163.0,cooked,VBN,O
2161,163.0,through,RB,O
2162,163.0,and,CC,O
2163,163.0,juices,NNS,O
2164,163.0,run,VBP,O
2165,163.0,clear,JJ,O
2166,163.0,.,.,O
2167,164.0,Drain,VB,U-Action
2168,164.0,pieces,NNS,O
2169,164.0,on,IN,O
2170,164.0,paper,NN,B-Utensil
2171,164.0,towel,NN,L-Utensil
2172,164.0,and,CC,O
2173,164.0,serve,VB,U-Action
2174,164.0,.,.,O
2175,165.0,In,IN,O
2176,165.0,a,DT,O
2177,165.0,large,JJ,B-Utensil
2178,165.0,bowl,NN,L-Utensil
2179,165.0,",",",",O
2180,165.0,mix,VB,U-Action
2181,165.0,flour,NN,U-Ingredient
2182,165.0,",",",",O
2183,165.0,granulated,JJ,B-Ingredient
2184,165.0,sugar,NN,L-Ingredient
2185,165.0,",",",",O
2186,165.0,baking,NN,B-Ingredient
2187,165.0,powder,NN,L-Ingredient
2188,165.0,and,CC,O
2189,165.0,salt,NN,O
2190,165.0,.,.,O
2191,166.0,Make,VB,U-Action
2192,166.0,a,DT,O
2193,166.0,well,NN,O
2194,166.0,in,IN,O
2195,166.0,the,DT,O
2196,166.0,center,NN,O
2197,166.0,of,IN,O
2198,166.0,the,DT,O
2199,166.0,flour,NN,U-Ingredient
2200,166.0,mixture,NN,O
2201,166.0,",",",",O
2202,166.0,and,CC,O
2203,166.0,pour,VB,U-Action
2204,166.0,in,IN,O
2205,166.0,milk,NN,U-Ingredient
2206,166.0,",",",",O
2207,166.0,vanilla,NN,U-Ingredient
2208,166.0,",",",",O
2209,166.0,egg,NN,U-Ingredient
2210,166.0,and,CC,O
2211,166.0,2,CD,O
2212,166.0,tablespoons,NNS,O
2213,166.0,oil,NN,U-Ingredient
2214,166.0,.,.,O
2215,167.0,Now,RB,O
2216,167.0,is,VBZ,O
2217,167.0,a,DT,O
2218,167.0,good,JJ,O
2219,167.0,time,NN,O
2220,167.0,to,TO,O
2221,167.0,test,VB,O
2222,167.0,the,DT,O
2223,167.0,oil,NN,U-Ingredient
2224,167.0,by,IN,O
2225,167.0,dropping,VBG,U-Action
2226,167.0,in,IN,O
2227,167.0,a,DT,O
2228,167.0,very,RB,O
2229,167.0,small,JJ,O
2230,167.0,amount,NN,O
2231,167.0,of,IN,O
2232,167.0,batter,NN,O
2233,167.0,.,.,O
2234,168.0,Batter,NN,U-Ingredient
2235,168.0,should,MD,O
2236,168.0,sizzle,VB,O
2237,168.0,and,CC,O
2238,168.0,brown,VB,O
2239,168.0,in,IN,O
2240,168.0,about,RB,O
2241,168.0,20,CD,O
2242,168.0,seconds,NNS,O
2243,168.0,.,.,O
2244,169.0,Oil,NN,U-Ingredient
2245,169.0,needs,VBZ,O
2246,169.0,to,TO,O
2247,169.0,be,VB,O
2248,169.0,hot,JJ,O
2249,169.0,enough,RB,O
2250,169.0,to,TO,O
2251,169.0,melt,VB,O
2252,169.0,the,DT,O
2253,169.0,brown,JJ,B-Ingredient
2254,169.0,sugar,NN,L-Ingredient
2255,169.0,inside,IN,O
2256,169.0,the,DT,O
2257,169.0,sandwiches,NNS,O
2258,169.0,but,CC,O
2259,169.0,not,RB,O
2260,169.0,so,RB,O
2261,169.0,hot,JJ,O
2262,169.0,that,IN,O
2263,169.0,it,PRP,O
2264,169.0,scorches,VBZ,O
2265,169.0,the,DT,O
2266,169.0,batter,NN,O
2267,169.0,.,.,O
2268,170.0,Dip,VB,U-Action
2269,170.0,the,DT,O
2270,170.0,sandwiches,NNS,O
2271,170.0,into,IN,O
2272,170.0,the,DT,O
2273,170.0,batter,NN,O
2274,170.0,mixture,NN,O
2275,170.0,.,.,O
2276,171.0,Using,VBG,O
2277,171.0,deep,JJ,B-Utensil
2278,171.0,fryer,NN,I-Utensil
2279,171.0,tongs,NNS,L-Utensil
2280,171.0,",",",",O
2281,171.0,carefully,RB,O
2282,171.0,place,VB,U-Action
2283,171.0,the,DT,O
2284,171.0,battered,VBN,O
2285,171.0,sandwiches,NNS,O
2286,171.0,into,IN,O
2287,171.0,the,DT,O
2288,171.0,heated,JJ,O
2289,171.0,oil,NN,U-Ingredient
2290,171.0,.,.,O
2291,172.0,Be,VB,O
2292,172.0,cautious,JJ,O
2293,172.0,when,WRB,O
2294,172.0,deep,JJ,O
2295,172.0,frying,NN,O
2296,172.0,.,.,O
2297,173.0,Try,VB,U-Action
2298,173.0,to,TO,O
2299,173.0,avoid,VB,O
2300,173.0,burns,NNS,O
2301,173.0,from,IN,O
2302,173.0,splattering,VBG,O
2303,173.0,hot,JJ,O
2304,173.0,oil,NN,U-Ingredient
2305,173.0,.,.,O
2306,174.0,Remove,VB,U-Action
2307,174.0,Sandwiches,NNS,O
2308,174.0,from,IN,O
2309,174.0,the,DT,O
2310,174.0,oil,NN,U-Ingredient
2311,174.0,when,WRB,O
2312,174.0,they,PRP,O
2313,174.0,are,VBP,O
2314,174.0,golden,JJ,O
2315,174.0,brown,JJ,O
2316,174.0,.,.,O
2317,175.0,Set,VBN,U-Action
2318,175.0,aside,RB,O
2319,175.0,to,TO,O
2320,175.0,cool,VB,O
2321,175.0,for,IN,O
2322,175.0,a,DT,O
2323,175.0,couple,NN,O
2324,175.0,of,IN,O
2325,175.0,minutes,NNS,O
2326,175.0,.,.,O
2327,176.0,Sprinkle,VB,U-Action
2328,176.0,with,IN,O
2329,176.0,powdered,JJ,B-Ingredient
2330,176.0,sugar,NN,L-Ingredient
2331,176.0,and,CC,O
2332,176.0,serve,VB,U-Action
2333,176.0,.,.,O
2334,177.0,Mix,VB,U-Action
2335,177.0,until,RB,O
2336,177.0,smooth,JJ,O
2337,177.0,.,.,O
2338,178.0,Heat,NN,U-Action
2339,178.0,remaining,VBG,O
2340,178.0,vegetable,NN,B-Ingredient
2341,178.0,oil,NN,L-Ingredient
2342,178.0,to,IN,O
2343,178.0,400,CD,O
2344,178.0,degrees,NNS,O
2345,178.0,in,IN,O
2346,178.0,a,DT,O
2347,178.0,small,JJ,B-Utensil
2348,178.0,deep,JJ,I-Utensil
2349,178.0,fryer,NN,L-Utensil
2350,178.0,(,-LRB-,O
2351,178.0,a,DT,O
2352,178.0,quart,JJ,B-Utensil
2353,178.0,sized,JJ,I-Utensil
2354,178.0,sauce,NN,I-Utensil
2355,178.0,pan,NNP,L-Utensil
2356,178.0,will,MD,O
2357,178.0,do,VB,O
2358,178.0,in,IN,O
2359,178.0,a,DT,O
2360,178.0,pinch,NN,O
2361,178.0,),-RRB-,O
2362,178.0,.,.,O
2363,179.0,Oil,NN,U-Ingredient
2364,179.0,is,VBZ,O
2365,179.0,hot,JJ,O
2366,179.0,enough,RB,O
2367,179.0,when,WRB,O
2368,179.0,it,PRP,O
2369,179.0,starts,VBZ,O
2370,179.0,to,TO,O
2371,179.0,ripple,VB,O
2372,179.0,.,.,O
2373,180.0,Be,VB,O
2374,180.0,careful,JJ,O
2375,180.0,not,RB,O
2376,180.0,to,TO,O
2377,180.0,overheat,VB,O
2378,180.0,.,.,O
2379,181.0,Butter,NN,U-Action
2380,181.0,one,CD,O
2381,181.0,side,NN,O
2382,181.0,of,IN,O
2383,181.0,each,DT,O
2384,181.0,bread,NN,B-Ingredient
2385,181.0,slice,NN,L-Ingredient
2386,181.0,.,.,O
2387,182.0,Sprinkle,VB,U-Action
2388,182.0,the,DT,O
2389,182.0,brown,JJ,B-Ingredient
2390,182.0,sugar,NN,L-Ingredient
2391,182.0,and,CC,O
2392,182.0,cinnamon,NN,U-Ingredient
2393,182.0,evenly,RB,O
2394,182.0,onto,IN,O
2395,182.0,the,DT,O
2396,182.0,buttered,VBN,O
2397,182.0,side,NN,O
2398,182.0,of,IN,O
2399,182.0,the,DT,O
2400,182.0,bread,NN,B-Ingredient
2401,182.0,slices,NNS,L-Ingredient
2402,182.0,.,.,O
2403,183.0,Make,VB,O
2404,183.0,sandwiches,NNS,O
2405,183.0,by,IN,O
2406,183.0,placing,VBG,U-Action
2407,183.0,the,DT,O
2408,183.0,slices,NNS,O
2409,183.0,of,IN,O
2410,183.0,bread,NN,U-Ingredient
2411,183.0,together,RB,O
2412,183.0,with,IN,O
2413,183.0,the,DT,O
2414,183.0,brown,JJ,B-Ingredient
2415,183.0,sugar,NN,L-Ingredient
2416,183.0,on,IN,O
2417,183.0,the,DT,O
2418,183.0,inside,NN,O
2419,183.0,.,.,O
2420,184.0,Cut,VB,U-Action
2421,184.0,the,DT,O
2422,184.0,sandwiches,NNS,O
2423,184.0,into,IN,O
2424,184.0,quarters,NNS,O
2425,184.0,.,.,O
2426,185.0,Cut,VB,U-Action
2427,185.0,the,DT,O
2428,185.0,butter,NN,U-Ingredient
2429,185.0,into,IN,O
2430,185.0,several,JJ,O
2431,185.0,pieces,NNS,O
2432,185.0,and,CC,O
2433,185.0,bring,VB,O
2434,185.0,to,TO,O
2435,185.0,room,NN,O
2436,185.0,temperature,NN,O
2437,185.0,.,.,O
2438,186.0,In,IN,O
2439,186.0,the,DT,O
2440,186.0,top,NN,O
2441,186.0,of,IN,O
2442,186.0,a,DT,O
2443,186.0,double,JJ,O
2444,186.0,boiler,NN,O
2445,186.0,",",",",O
2446,186.0,combine,VB,U-Action
2447,186.0,egg,NN,B-Ingredient
2448,186.0,yolks,NNS,L-Ingredient
2449,186.0,",",",",O
2450,186.0,lemon,NN,B-Ingredient
2451,186.0,juice,NN,L-Ingredient
2452,186.0,",",",",O
2453,186.0,salt,NN,U-Ingredient
2454,186.0,and,CC,O
2455,186.0,pepper,NN,U-Ingredient
2456,186.0,.,.,O
2457,187.0,Add,VB,U-Action
2458,187.0,a,DT,O
2459,187.0,piece,NN,O
2460,187.0,of,IN,O
2461,187.0,butter,NN,U-Ingredient
2462,187.0,.,.,O
2463,188.0,Cook,NNP,U-Action
2464,188.0,",",",",O
2465,188.0,stirring,VBG,U-Action
2466,188.0,steadily,RB,O
2467,188.0,with,IN,O
2468,188.0,a,DT,O
2469,188.0,wooden,JJ,B-Utensil
2470,188.0,spoon,NN,L-Utensil
2471,188.0,or,CC,O
2472,188.0,wire,NN,B-Utensil
2473,188.0,whisk,NN,L-Utensil
2474,188.0,",",",",O
2475,188.0,over,RB,O
2476,188.0,",",",",O
2477,188.0,but,CC,O
2478,188.0,not,RB,O
2479,188.0,touching,JJ,O
2480,188.0,",",",",O
2481,188.0,boiling,VBG,O
2482,188.0,water,NN,U-Ingredient
2483,188.0,.,.,O
2484,189.0,When,WRB,O
2485,189.0,butter,NN,U-Ingredient
2486,189.0,melts,VBZ,O
2487,189.0,and,CC,O
2488,189.0,sauce,NN,O
2489,189.0,begins,VBZ,O
2490,189.0,to,TO,O
2491,189.0,thicken,VB,O
2492,189.0,",",",",O
2493,189.0,add,VB,U-Action
2494,189.0,remaining,VBG,O
2495,189.0,butter,NN,U-Ingredient
2496,189.0,",",",",O
2497,189.0,stirring,VBG,U-Action
2498,189.0,constantly,RB,O
2499,189.0,until,IN,O
2500,189.0,melted,VBN,O
2501,189.0,.,.,O
2502,190.0,Continue,VB,O
2503,190.0,cooking,VBG,U-Action
2504,190.0,as,IN,O
2505,190.0,sauce,NN,U-Ingredient
2506,190.0,thickens,VBZ,O
2507,190.0,",",",",O
2508,190.0,about,RB,O
2509,190.0,2,CD,O
2510,190.0,more,JJR,O
2511,190.0,minutes,NNS,O
2512,190.0,.,.,O
2513,191.0,Immediately,RB,O
2514,191.0,remove,VB,U-Action
2515,191.0,from,IN,O
2516,191.0,heat,NN,O
2517,191.0,.,.,O
2518,192.0,Mix,VB,U-Action
2519,192.0,the,DT,O
2520,192.0,spices,NNS,U-Ingredient
2521,192.0,together,RB,O
2522,192.0,and,CC,O
2523,192.0,store,VB,U-Action
2524,192.0,in,IN,O
2525,192.0,an,DT,O
2526,192.0,airtight,JJ,B-Utensil
2527,192.0,container,NN,L-Utensil
2528,192.0,.,.,O
2529,193.0,Saute,VB,U-Action
2530,193.0,small,JJ,O
2531,193.0,amounts,NNS,O
2532,193.0,in,IN,O
2533,193.0,butter,NN,U-Ingredient
2534,193.0,/,SYM,O
2535,193.0,ghee,NN,U-Ingredient
2536,193.0,to,TO,O
2537,193.0,spice,VB,O
2538,193.0,vegetables,NNS,U-Ingredient
2539,193.0,and,CC,O
2540,193.0,grains,NNS,U-Ingredient
2541,193.0,.,.,O
2542,194.0,Rehydrate,VB,U-Action
2543,194.0,TVP,NNP,O
2544,194.0,if,IN,O
2545,194.0,needed,VBN,O
2546,194.0,.,.,O
2547,195.0,Spray,NN,U-Action
2548,195.0,or,CC,O
2549,195.0,oil,NN,U-Action
2550,195.0,a,DT,O
2551,195.0,large,JJ,B-Utensil
2552,195.0,pot,NN,L-Utensil
2553,195.0,.,.,O
2554,196.0,Chop,VB,U-Action
2555,196.0,the,DT,O
2556,196.0,onion,NN,U-Ingredient
2557,196.0,",",",",O
2558,196.0,hot,JJ,B-Ingredient
2559,196.0,peppers,NNS,L-Ingredient
2560,196.0,(,-LRB-,O
2561,196.0,if,IN,O
2562,196.0,using-,JJ,O
2563,196.0,it,PRP,O
2564,196.0,is,VBZ,O
2565,196.0,best,JJS,O
2566,196.0,to,TO,O
2567,196.0,wear,VB,O
2568,196.0,rubber,NN,O
2569,196.0,gloves,NNS,O
2570,196.0,when,WRB,O
2571,196.0,cutting,VBG,O
2572,196.0,the,DT,O
2573,196.0,hot,JJ,O
2574,196.0,ones,NNS,O
2575,196.0,!,.,O
2576,196.0,),-RRB-,O
2577,196.0,",",",",O
2578,196.0,and,CC,O
2579,196.0,garlic,NN,U-Ingredient
2580,196.0,and,CC,O
2581,196.0,add,VB,U-Action
2582,196.0,to,IN,O
2583,196.0,the,DT,O
2584,196.0,pot,NN,U-Utensil
2585,196.0,.,.,O
2586,197.0,Chop,VB,U-Action
2587,197.0,remaining,VBG,O
2588,197.0,vegetables,NNS,O
2589,197.0,",",",",O
2590,197.0,add,VB,U-Action
2591,197.0,to,IN,O
2592,197.0,pot,NN,U-Utensil
2593,197.0,and,CC,O
2594,197.0,brown,NN,B-Action
2595,197.0,lightly,RB,L-Action
2596,197.0,.,.,O
2597,198.0,Add,VB,U-Action
2598,198.0,remaining,VBG,O
2599,198.0,ingredients,NNS,O
2600,198.0,;,:,O
2601,198.0,stir,VB,U-Action
2602,198.0,well,RB,O
2603,198.0,and,CC,O
2604,198.0,simmer,VB,U-Action
2605,198.0,at,IN,O
2606,198.0,least,JJS,O
2607,198.0,15,CD,O
2608,198.0,minutes,NNS,O
2609,198.0,.,.,O
2610,199.0,Taste,NN,U-Action
2611,199.0,(,-LRB-,O
2612,199.0,This,DT,O
2613,199.0,is,VBZ,O
2614,199.0,important,JJ,O
2615,199.0,!,.,O
2616,199.0,),-RRB-,O
2617,199.0,Adjust,VB,U-Action
2618,199.0,spices,NNS,O
2619,199.0,to,TO,O
2620,199.0,taste,VB,O
2621,199.0,.,.,O
2622,200.0,Simmer,VB,U-Action
2623,200.0,an,DT,O
2624,200.0,additional,JJ,O
2625,200.0,15,CD,O
2626,200.0,minutes,NNS,O
2627,200.0,or,CC,O
2628,200.0,so,RB,O
2629,200.0,.,.,O
2630,201.0,Serve,VB,U-Action
2631,201.0,with,IN,O
2632,201.0,garlic,NN,B-Ingredient
2633,201.0,bread,NN,L-Ingredient
2634,201.0,",",",",O
2635,201.0,toast,NN,U-Ingredient
2636,201.0,",",",",O
2637,201.0,or,CC,O
2638,201.0,on,IN,O
2639,201.0,rice,NN,U-Ingredient
2640,201.0,.,.,O
2641,202.0,In,IN,O
2642,202.0,a,DT,O
2643,202.0,slow,JJ,B-Utensil
2644,202.0,cooker,NN,L-Utensil
2645,202.0,",",",",O
2646,202.0,combine,VB,U-Action
2647,202.0,the,DT,O
2648,202.0,first,JJ,O
2649,202.0,nine,CD,O
2650,202.0,ingredients,NNS,O
2651,202.0,.,.,O
2652,203.0,Cover,VB,U-Action
2653,203.0,and,CC,O
2654,203.0,cook,VB,U-Action
2655,203.0,on,IN,O
2656,203.0,low,NN,O
2657,203.0,for,IN,O
2658,203.0,7,CD,O
2659,203.0,-,SYM,O
2660,203.0,9,CD,O
2661,203.0,hours,NNS,O
2662,203.0,or,CC,O
2663,203.0,until,IN,O
2664,203.0,meat,NN,U-Ingredient
2665,203.0,is,VBZ,O
2666,203.0,tender,JJ,O
2667,203.0,.,.,O
2668,204.0,Add,VB,U-Action
2669,204.0,zucchini,NNS,U-Ingredient
2670,204.0,",",",",O
2671,204.0,cabbage,NN,U-Ingredient
2672,204.0,",",",",O
2673,204.0,beans,NNS,U-Ingredient
2674,204.0,and,CC,O
2675,204.0,macaroni,NN,U-Ingredient
2676,204.0,;,:,O
2677,204.0,cook,VB,U-Action
2678,204.0,on,IN,O
2679,204.0,high,JJ,O
2680,204.0,30,CD,O
2681,204.0,-,SYM,O
2682,204.0,45,CD,O
2683,204.0,minutes,NNS,O
2684,204.0,more,JJR,O
2685,204.0,or,CC,O
2686,204.0,until,IN,O
2687,204.0,the,DT,O
2688,204.0,vegetables,NNS,O
2689,204.0,are,VBP,O
2690,204.0,tender,JJ,O
2691,204.0,.,.,O
2692,205.0,Sprinkle,VB,U-Action
2693,205.0,individual,JJ,O
2694,205.0,servings,NNS,O
2695,205.0,with,IN,O
2696,205.0,Parmesan,NNP,B-Ingredient
2697,205.0,cheese,NN,L-Ingredient
2698,205.0,.,.,O
2699,206.0,Preheat,VB,U-Action
2700,206.0,oven,NN,U-Utensil
2701,206.0,to,IN,O
2702,206.0,400,CD,O
2703,206.0,degrees,NNS,O
2704,206.0,.,.,O
2705,207.0,Cut,VB,U-Action
2706,207.0,the,DT,O
2707,207.0,potatoes,NNS,U-Ingredient
2708,207.0,(,-LRB-,O
2709,207.0,leave,VB,O
2710,207.0,skins,NNS,O
2711,207.0,on,IN,O
2712,207.0,),-RRB-,O
2713,207.0,into,IN,O
2714,207.0,strips,NNS,O
2715,207.0,about,RB,O
2716,207.0,2,CD,O
2717,207.0,1/2,CD,O
2718,207.0,inches,NNS,O
2719,207.0,long,JJ,O
2720,207.0,by,IN,O
2721,207.0,1/4-inch,CD,O
2722,207.0,thick,JJ,O
2723,207.0,.,.,O
2724,208.0,Soak,VB,U-Action
2725,208.0,the,DT,O
2726,208.0,potatoes,NNS,U-Ingredient
2727,208.0,in,IN,O
2728,208.0,ice,NN,O
2729,208.0,water,NN,O
2730,208.0,for,IN,O
2731,208.0,five,CD,O
2732,208.0,minutes,NNS,O
2733,208.0,.,.,O
2734,209.0,Drain,VB,U-Action
2735,209.0,the,DT,O
2736,209.0,potatoes,NNS,U-Ingredient
2737,209.0,",",",",O
2738,209.0,then,RB,O
2739,209.0,rinse,VB,U-Action
2740,209.0,thoroughly,RB,O
2741,209.0,under,IN,O
2742,209.0,cold,JJ,O
2743,209.0,water,NN,O
2744,209.0,.,.,O
2745,210.0,Press,NN,U-Action
2746,210.0,between,IN,O
2747,210.0,paper,NN,B-Utensil
2748,210.0,towels,NNS,L-Utensil
2749,210.0,to,TO,O
2750,210.0,dry,VB,O
2751,210.0,.,.,O
2752,211.0,Transfer,VB,U-Action
2753,211.0,potatoes,NNS,U-Ingredient
2754,211.0,to,IN,O
2755,211.0,a,DT,O
2756,211.0,bowl,NN,U-Utensil
2757,211.0,",",",",O
2758,211.0,pour,VB,U-Action
2759,211.0,melted,VBN,O
2760,211.0,margarine,NN,U-Ingredient
2761,211.0,over,IN,O
2762,211.0,the,DT,O
2763,211.0,potatoes,NNS,U-Ingredient
2764,211.0,and,CC,O
2765,211.0,toss,VB,U-Action
2766,211.0,to,TO,O
2767,211.0,coat,VB,O
2768,211.0,them,PRP,O
2769,211.0,.,.,O
2770,212.0,Spray,NN,U-Action
2771,212.0,baking,NN,B-Utensil
2772,212.0,sheet,NN,L-Utensil
2773,212.0,with,IN,O
2774,212.0,non,JJ,B-Utensil
2775,212.0,-,JJ,O
2776,212.0,stick,JJ,L-Utensil
2777,212.0,spray,NN,U-Utensil
2778,212.0,.,.,O
2779,213.0,Spread,VB,U-Action
2780,213.0,potatoes,NNS,U-Ingredient
2781,213.0,onto,IN,O
2782,213.0,baking,NN,B-Utensil
2783,213.0,sheet,NN,L-Utensil
2784,213.0,.,.,O
2785,214.0,Bake,VB,U-Action
2786,214.0,for,IN,O
2787,214.0,15,CD,O
2788,214.0,minutes,NNS,O
2789,214.0,;,:,O
2790,214.0,toss,VB,U-Action
2791,214.0,and,CC,O
2792,214.0,turn,VB,U-Action
2793,214.0,;,:,O
2794,214.0,bake,VB,U-Action
2795,214.0,for,IN,O
2796,214.0,five,CD,O
2797,214.0,minutes,NNS,O
2798,214.0,;,:,O
2799,214.0,add,VB,U-Action
2800,214.0,herbs,NNS,U-Ingredient
2801,214.0,and,CC,O
2802,214.0,toss,VB,U-Action
2803,214.0,;,:,O
2804,214.0,bake,VB,U-Action
2805,214.0,a,DT,O
2806,214.0,final,JJ,O
2807,214.0,five,CD,O
2808,214.0,minutes,NNS,O
2809,214.0,until,IN,O
2810,214.0,the,DT,O
2811,214.0,potatoes,NNS,U-Ingredient
2812,214.0,are,VBP,O
2813,214.0,brown,JJ,O
2814,214.0,and,CC,O
2815,214.0,crisp,JJ,O
2816,214.0,.,.,O
2817,215.0,Serve,VB,U-Action
2818,215.0,immediately,RB,O
2819,215.0,.,.,O
2820,216.0,In,IN,O
2821,216.0,1/4,CD,O
2822,216.0,cup,NN,U-Utensil
2823,216.0,butter,NN,U-Ingredient
2824,216.0,",",",",O
2825,216.0,saute,VB,U-Action
2826,216.0,carrots,NNS,U-Ingredient
2827,216.0,",",",",O
2828,216.0,onion,NN,U-Ingredient
2829,216.0,",",",",O
2830,216.0,celery,NN,U-Ingredient
2831,216.0,and,CC,O
2832,216.0,broccoli,NN,B-Ingredient
2833,216.0,stems,VBZ,L-Ingredient
2834,216.0,for,IN,O
2835,216.0,5,CD,O
2836,216.0,minutes,NNS,O
2837,216.0,.,.,O
2838,217.0,Add,VB,U-Action
2839,217.0,thyme,NNS,U-Ingredient
2840,217.0,",",",",O
2841,217.0,oregano,NN,U-Ingredient
2842,217.0,and,CC,O
2843,217.0,basil,NN,U-Ingredient
2844,217.0,;,:,O
2845,217.0,saute,VB,U-Action
2846,217.0,5,CD,O
2847,217.0,minutes,NNS,O
2848,217.0,more,JJR,O
2849,217.0,.,.,O
2850,218.0,Add,VB,U-Action
2851,218.0,wine,NN,U-Ingredient
2852,218.0,and,CC,O
2853,218.0,deglaze,VB,U-Action
2854,218.0,pan,NNP,U-Utensil
2855,218.0,.,.,O
2856,219.0,Add,VB,U-Action
2857,219.0,hot,JJ,O
2858,219.0,chicken,NN,B-Ingredient
2859,219.0,stock,NN,L-Ingredient
2860,219.0,and,CC,O
2861,219.0,reduce,VB,U-Action
2862,219.0,by,IN,O
2863,219.0,one,CD,O
2864,219.0,-,HYPH,O
2865,219.0,third,NN,O
2866,219.0,.,.,O
2867,220.0,Add,VB,U-Action
2868,220.0,Worcestershire,NNP,B-Ingredient
2869,220.0,sauce,NN,L-Ingredient
2870,220.0,",",",",O
2871,220.0,Tabasco,NNP,U-Ingredient
2872,220.0,",",",",O
2873,220.0,smoked,VBD,O
2874,220.0,chicken,NN,U-Ingredient
2875,220.0,",",",",O
2876,220.0,beans,NNS,U-Ingredient
2877,220.0,and,CC,O
2878,220.0,broccoli,NN,B-Ingredient
2879,220.0,florets,NNS,L-Ingredient
2880,220.0,;,:,O
2881,220.0,simmer,VB,U-Ingredient
2882,220.0,5,CD,O
2883,220.0,minutes,NNS,O
2884,220.0,.,.,O
2885,221.0,Add,VB,U-Action
2886,221.0,cream,NN,U-Ingredient
2887,221.0,",",",",O
2888,221.0,simmer,VB,U-Action
2889,221.0,5,CD,O
2890,221.0,minutes,NNS,O
2891,221.0,more,JJR,O
2892,221.0,and,CC,O
2893,221.0,season,NN,U-Action
2894,221.0,to,TO,O
2895,221.0,taste,VB,O
2896,221.0,(,-LRB-,O
2897,221.0,thicken,VB,U-Action
2898,221.0,with,IN,O
2899,221.0,cornstarch,NN,U-Ingredient
2900,221.0,if,IN,O
2901,221.0,desired,VBN,O
2902,221.0,),-RRB-,O
2903,221.0,.,.,O
2904,222.0,Drop,VB,U-Action
2905,222.0,in,IN,O
2906,222.0,remaining,VBG,O
2907,222.0,butter,NN,U-Ingredient
2908,222.0,",",",",O
2909,222.0,piece,NN,O
2910,222.0,by,IN,O
2911,222.0,piece,NN,O
2912,222.0,",",",",O
2913,222.0,stirring,VBG,U-Action
2914,222.0,until,IN,O
2915,222.0,melted,VBN,O
2916,222.0,and,CC,O
2917,222.0,serve,VB,U-Action
2918,222.0,immediately,RB,O
2919,222.0,.,.,O
2920,223.0,Smoked,NNP,O
2921,223.0,Chicken,NNP,U-Ingredient
2922,223.0,:,:,O
2923,223.0,On,IN,O
2924,223.0,a,DT,O
2925,223.0,covered,VBN,O
2926,223.0,grill,NN,U-Utensil
2927,223.0,",",",",O
2928,223.0,slightly,RB,O
2929,223.0,smoke,VBP,U-Action
2930,223.0,boneless,JJ,B-Ingredient
2931,223.0,chicken,NN,L-Ingredient
2932,223.0,",",",",O
2933,223.0,cooking,VBG,U-Action
2934,223.0,to,IN,O
2935,223.0,medium,NN,O
2936,223.0,rare,JJ,O
2937,223.0,(,-LRB-,O
2938,223.0,about,RB,O
2939,223.0,30,CD,O
2940,223.0,minutes,NNS,O
2941,223.0,),-RRB-,O
2942,223.0,.,.,O
2943,224.0,Chef,NNP,O
2944,224.0,Meskan,NNP,O
2945,224.0,uses,VBZ,U-Action
2946,224.0,applewood,NN,B-Ingredient
2947,224.0,chips,NNS,L-Ingredient
2948,224.0,and,CC,O
2949,224.0,does,VBZ,O
2950,224.0,not,RB,O
2951,224.0,allow,VB,U-Action
2952,224.0,the,DT,O
2953,224.0,grill,NN,U-Utensil
2954,224.0,to,TO,O
2955,224.0,become,VB,O
2956,224.0,too,RB,O
2957,224.0,hot,JJ,O
2958,224.0,.,.,O
2959,225.0,Preheat,VB,U-Action
2960,225.0,oven,NN,U-Utensil
2961,225.0,to,IN,O
2962,225.0,350,CD,O
2963,225.0,degrees,NNS,O
2964,225.0,.,.,O
2965,226.0,Grease,NN,U-Action
2966,226.0,13,CD,O
2967,226.0,x,SYM,O
2968,226.0,9,CD,O
2969,226.0,baking,NN,B-Utensil
2970,226.0,pan,NN,L-Utensil
2971,226.0,.,.,O
2972,227.0,Cool,VB,U-Action
2973,227.0,completely,RB,O
2974,227.0,on,IN,O
2975,227.0,wire,NN,B-Utensil
2976,227.0,rack,NN,L-Utensil
2977,227.0,and,CC,O
2978,227.0,cut,VBN,U-Action
2979,227.0,into,IN,O
2980,227.0,squares,NNS,O
2981,227.0,.,.,O
2982,228.0,In,IN,O
2983,228.0,a,DT,O
2984,228.0,large,JJ,B-Utensil
2985,228.0,bowl,NN,L-Utensil
2986,228.0,",",",",O
2987,228.0,whisk,VB,U-Action
2988,228.0,together,RB,O
2989,228.0,butter,NN,U-Ingredient
2990,228.0,",",",",O
2991,228.0,sugar,NN,U-Ingredient
2992,228.0,and,CC,O
2993,228.0,vanilla,NN,U-Ingredient
2994,228.0,.,.,O
2995,229.0,Add,VB,U-Action
2996,229.0,eggs,NNS,U-Ingredient
2997,229.0,and,CC,O
2998,229.0,stir,VB,U-Action
2999,229.0,until,IN,O
3000,229.0,well,RB,O
3001,229.0,combined,VBN,O
3002,229.0,.,.,O
3003,230.0,Combine,VB,U-Action
3004,230.0,dry,JJ,O
3005,230.0,ingredients,NNS,O
3006,230.0,and,CC,O
3007,230.0,blend,VB,U-Action
3008,230.0,well,RB,O
3009,230.0,with,IN,O
3010,230.0,wet,JJ,O
3011,230.0,ingredients,NNS,O
3012,230.0,.,.,O
3013,231.0,Reserve,NN,U-Action
3014,231.0,2,CD,O
3015,231.0,cups,NNS,O
3016,231.0,of,IN,O
3017,231.0,batter,NN,O
3018,231.0,and,CC,O
3019,231.0,set,VBN,O
3020,231.0,aside,RB,O
3021,231.0,.,.,O
3022,232.0,Spread,VB,U-Action
3023,232.0,remaining,VBG,O
3024,232.0,batter,NN,O
3025,232.0,in,IN,O
3026,232.0,prepared,VBN,O
3027,232.0,pan,NN,U-Utensil
3028,232.0,.,.,O
3029,233.0,Arrange,VB,U-Action
3030,233.0,Peppermint,NNP,O
3031,233.0,Patties,NNPS,O
3032,233.0,in,IN,O
3033,233.0,a,DT,O
3034,233.0,single,JJ,O
3035,233.0,layer,NN,O
3036,233.0,over,IN,O
3037,233.0,batter,NN,O
3038,233.0,",",",",O
3039,233.0,about,RB,O
3040,233.0,1/2,CD,O
3041,233.0,inch,NN,O
3042,233.0,apart,RB,O
3043,233.0,.,.,O
3044,234.0,Carefully,RB,O
3045,234.0,spread,VB,U-Action
3046,234.0,reserved,JJ,O
3047,234.0,2,CD,O
3048,234.0,cups,NNS,O
3049,234.0,of,IN,O
3050,234.0,batter,NN,O
3051,234.0,on,IN,O
3052,234.0,top,NN,O
3053,234.0,.,.,O
3054,235.0,Bake,VB,U-Action
3055,235.0,for,IN,O
3056,235.0,50-,CD,O
3057,235.0,55,CD,O
3058,235.0,minutes,NNS,O
3059,235.0,or,CC,O
3060,235.0,until,IN,O
3061,235.0,brownies,NNS,O
3062,235.0,begin,VBP,O
3063,235.0,to,TO,O
3064,235.0,pull,VB,O
3065,235.0,away,RB,O
3066,235.0,from,IN,O
3067,235.0,sides,NNS,O
3068,235.0,of,IN,O
3069,235.0,pan,NNP,U-Utensil
3070,235.0,.,.,O
3071,236.0,Heat,NN,U-Action
3072,236.0,oven,NN,U-Utensil
3073,236.0,to,IN,O
3074,236.0,375,CD,O
3075,236.0,degrees,NNS,O
3076,236.0,.,.,O
3077,237.0,Brown,JJ,U-Action
3078,237.0,ground,NN,B-Ingredient
3079,237.0,beef,NN,L-Ingredient
3080,237.0,and,CC,O
3081,237.0,onion,NN,U-Ingredient
3082,237.0,over,IN,O
3083,237.0,medium,JJ,O
3084,237.0,heat,NN,O
3085,237.0,;,:,O
3086,237.0,drain,VB,U-Action
3087,237.0,.,.,O
3088,238.0,Stir,VB,U-Action
3089,238.0,in,IN,O
3090,238.0,tomato,NN,U-Ingredient
3091,238.0,sauce,NN,O
3092,238.0,",",",",O
3093,238.0,taco,NN,U-Ingredient
3094,238.0,or,CC,O
3095,238.0,other,JJ,O
3096,238.0,sauce,NN,O
3097,238.0,",",",",O
3098,238.0,salt,NN,U-Ingredient
3099,238.0,",",",",O
3100,238.0,pepper,NN,U-Ingredient
3101,238.0,",",",",O
3102,238.0,Tabasco,NNP,U-Ingredient
3103,238.0,",",",",O
3104,238.0,chiles,NNS,U-Ingredient
3105,238.0,",",",",O
3106,238.0,and,CC,O
3107,238.0,cornmeal,NN,U-Ingredient
3108,238.0,",",",",O
3109,238.0,adjusting,VBG,O
3110,238.0,"for""hot",'',O
3111,238.0,"""",``,O
3112,238.0,taste,NN,O
3113,238.0,preference,NN,O
3114,238.0,and,CC,O
3115,238.0,desired,VBN,O
3116,238.0,thickness,NN,O
3117,238.0,.,.,O
3118,239.0,Stir,VB,U-Action
3119,239.0,in,IN,O
3120,239.0,more,JJR,O
3121,239.0,cornmeal,NN,U-Ingredient
3122,239.0,",",",",O
3123,239.0,if,IN,O
3124,239.0,desired,VBN,O
3125,239.0,.,.,O
3126,240.0,Stir,VB,U-Action
3127,240.0,in,IN,O
3128,240.0,corn,NN,U-Ingredient
3129,240.0,and,CC,O
3130,240.0,olives,NNS,U-Ingredient
3131,240.0,.,.,O
3132,241.0,Transfer,NN,U-Action
3133,241.0,mixture,NN,O
3134,241.0,to,IN,O
3135,241.0,casserole,NN,B-Utensil
3136,241.0,dish,NN,L-Utensil
3137,241.0,;,:,O
3138,241.0,cover,VB,U-Action
3139,241.0,and,CC,O
3140,241.0,bake,VB,U-Action
3141,241.0,for,IN,O
3142,241.0,30,CD,O
3143,241.0,to,TO,O
3144,241.0,40,CD,O
3145,241.0,minutes,NNS,O
3146,241.0,",",",",O
3147,241.0,or,CC,O
3148,241.0,until,IN,O
3149,241.0,bubbly,JJ,O
3150,241.0,and,CC,O
3151,241.0,heated,VBN,O
3152,241.0,through,RB,O
3153,241.0,.,.,O
3154,242.0,Top,JJ,U-Action
3155,242.0,with,IN,O
3156,242.0,cheese,NN,U-Ingredient
3157,242.0,immediately,RB,O
3158,242.0,on,IN,O
3159,242.0,removing,VBG,O
3160,242.0,from,IN,O
3161,242.0,oven,NN,U-Utensil
3162,242.0,so,IN,O
3163,242.0,cheese,NN,U-Ingredient
3164,242.0,melts,VBZ,O
3165,242.0,.,.,O
3166,243.0,Garnish,VB,U-Action
3167,243.0,with,IN,O
3168,243.0,corn,NN,B-Ingredient
3169,243.0,chips,NNS,L-Ingredient
3170,243.0,just,RB,O
3171,243.0,before,IN,O
3172,243.0,serving,VBG,U-Action
3173,243.0,to,TO,O
3174,243.0,keep,VB,O
3175,243.0,them,PRP,O
3176,243.0,crisp,JJ,O
3177,243.0,.,.,O
3178,244.0,Serve,VB,U-Action
3179,244.0,with,IN,O
3180,244.0,a,DT,O
3181,244.0,cool,JJ,O
3182,244.0,fresh,JJ,O
3183,244.0,vegetable,NN,O
3184,244.0,such,JJ,O
3185,244.0,as,IN,O
3186,244.0,cucumber,NN,U-Ingredient
3187,244.0,slices,NNS,O
3188,244.0,",",",",O
3189,244.0,avocado,NN,U-Ingredient
3190,244.0,",",",",O
3191,244.0,or,CC,O
3192,244.0,lettuce,NN,B-Ingredient
3193,244.0,leaves,NNS,L-Ingredient
3194,244.0,",",",",O
3195,244.0,if,IN,O
3196,244.0,desired,VBN,O
3197,244.0,.,.,O
3198,245.0,Cream,VB,U-Action
3199,245.0,the,DT,O
3200,245.0,butter,NN,U-Ingredient
3201,245.0,with,IN,O
3202,245.0,the,DT,O
3203,245.0,dressing,NN,O
3204,245.0,mix,NN,O
3205,245.0,;,:,O
3206,245.0,spread,VBD,U-Action
3207,245.0,evenly,RB,O
3208,245.0,on,IN,O
3209,245.0,the,DT,O
3210,245.0,bread,NN,U-Ingredient
3211,245.0,halves,NNS,O
3212,245.0,.,.,O
3213,246.0,Place,NN,U-Action
3214,246.0,under,IN,O
3215,246.0,the,DT,O
3216,246.0,broiler,NN,U-Utensil
3217,246.0,for,IN,O
3218,246.0,2,CD,O
3219,246.0,-,SYM,O
3220,246.0,3,CD,O
3221,246.0,minutes,NNS,O
3222,246.0,",",",",O
3223,246.0,until,IN,O
3224,246.0,golden,JJ,O
3225,246.0,and,CC,O
3226,246.0,the,DT,O
3227,246.0,butter,NN,U-Ingredient
3228,246.0,begins,VBZ,O
3229,246.0,to,TO,O
3230,246.0,seep,VB,O
3231,246.0,and,CC,O
3232,246.0,bubble,NN,O
3233,246.0,.,.,O
3234,247.0,Serve,VB,U-Action
3235,247.0,hot,JJ,O
3236,247.0,.,.,O
3237,248.0,In,IN,O
3238,248.0,bowl,NN,U-Utensil
3239,248.0,",",",",O
3240,248.0,mix,VB,U-Action
3241,248.0,dry,JJ,O
3242,248.0,ingredients,NNS,O
3243,248.0,.,.,O
3244,249.0,Add,VB,U-Action
3245,249.0,venison,NN,U-Ingredient
3246,249.0,and,CC,O
3247,249.0,mix,VB,U-Action
3248,249.0,well,RB,O
3249,249.0,.,.,O
3250,250.0,Do,VB,O
3251,250.0,not,RB,O
3252,250.0,overcook,VB,U-Action
3253,250.0,.,.,O
3254,251.0,Turn,VB,U-Action
3255,251.0,burner,RB,U-Utensil
3256,251.0,off,RP,O
3257,251.0,and,CC,O
3258,251.0,leave,VB,U-Action
3259,251.0,burgers,NNS,U-Ingredient
3260,251.0,in,IN,O
3261,251.0,the,DT,O
3262,251.0,pan,NN,U-Utensil
3263,251.0,while,IN,O
3264,251.0,you,PRP,O
3265,251.0,put,VBP,O
3266,251.0,condiments,NNS,U-Ingredient
3267,251.0,on,IN,O
3268,251.0,your,PRP$,O
3269,251.0,hamburger,NN,B-Ingredient
3270,251.0,bun,NN,L-Ingredient
3271,251.0,.,.,O
3272,252.0,If,IN,O
3273,252.0,cooking,VBG,O
3274,252.0,thawed,VBN,O
3275,252.0,burgers,NNS,O
3276,252.0,",",",",O
3277,252.0,cook,VB,U-Action
3278,252.0,about,RB,O
3279,252.0,2,CD,O
3280,252.0,-,SYM,O
3281,252.0,3,CD,O
3282,252.0,minutes,NNS,O
3283,252.0,per,IN,O
3284,252.0,side,NN,O
3285,252.0,.,.,O
3286,253.0,Add,VB,U-Action
3287,253.0,liquid,JJ,O
3288,253.0,ingredients,NNS,O
3289,253.0,and,CC,O
3290,253.0,mix,VB,U-Action
3291,253.0,well,RB,O
3292,253.0,with,IN,O
3293,253.0,a,DT,O
3294,253.0,fork,NN,U-Utensil
3295,253.0,",",",",O
3296,253.0,until,IN,O
3297,253.0,bread,NN,B-Ingredient
3298,253.0,crumbs,NNS,L-Ingredient
3299,253.0,are,VBP,O
3300,253.0,barely,RB,O
3301,253.0,noticeable,JJ,O
3302,253.0,.,.,O
3303,254.0,On,IN,O
3304,254.0,plastic,JJ,B-Utensil
3305,254.0,wrap,NN,L-Utensil
3306,254.0,",",",",O
3307,254.0,form,VB,O
3308,254.0,into,IN,O
3309,254.0,8,CD,O
3310,254.0,(,-LRB-,O
3311,254.0,4,CD,O
3312,254.0,ounce,NN,O
3313,254.0,),-RRB-,O
3314,254.0,patties,NNS,O
3315,254.0,",",",",O
3316,254.0,making,VBG,O
3317,254.0,them,PRP,O
3318,254.0,round,JJ,O
3319,254.0,and,CC,O
3320,254.0,very,RB,O
3321,254.0,flat--,UH,O
3322,254.0,like,IN,O
3323,254.0,a,DT,O
3324,254.0,fast,JJ,O
3325,254.0,-,HYPH,O
3326,254.0,food,NN,O
3327,254.0,burger,NN,O
3328,254.0,.,.,O
3329,255.0,They,PRP,O
3330,255.0,can,MD,O
3331,255.0,be,VB,O
3332,255.0,cooked,VBN,U-Action
3333,255.0,immediately,RB,O
3334,255.0,",",",",O
3335,255.0,but,CC,O
3336,255.0,I,PRP,O
3337,255.0,prefer,VBP,O
3338,255.0,to,TO,O
3339,255.0,freeze,VB,U-Action
3340,255.0,them,PRP,O
3341,255.0,first,RB,O
3342,255.0,.,.,O
3343,256.0,Place,VB,U-Action
3344,256.0,them,PRP,O
3345,256.0,on,IN,O
3346,256.0,a,DT,O
3347,256.0,large,JJ,B-Utensil
3348,256.0,cookie,NN,I-Utensil
3349,256.0,sheet,NN,L-Utensil
3350,256.0,and,CC,O
3351,256.0,freeze,VB,U-Action
3352,256.0,them,PRP,O
3353,256.0,several,JJ,O
3354,256.0,hours,NNS,O
3355,256.0,.,.,O
3356,257.0,Remove,VB,U-Action
3357,257.0,from,IN,O
3358,257.0,freezer,NN,U-Utensil
3359,257.0,and,CC,O
3360,257.0,place,NN,U-Action
3361,257.0,waxed,VBN,B-Utensil
3362,257.0,paper,NN,L-Utensil
3363,257.0,between,IN,O
3364,257.0,each,DT,O
3365,257.0,burger,NN,O
3366,257.0,as,IN,O
3367,257.0,you,PRP,O
3368,257.0,stack,VBP,O
3369,257.0,them,PRP,O
3370,257.0,.,.,O
3371,258.0,I,PRP,O
3372,258.0,stack,VBP,O
3373,258.0,them,PRP,O
3374,258.0,in,IN,O
3375,258.0,2,CD,O
3376,258.0,1-quart,JJ,O
3377,258.0,freezer,NN,U-Action
3378,258.0,zip,NN,B-Utensil
3379,258.0,-,HYPH,O
3380,258.0,lock,NN,I-Utensil
3381,258.0,bags,NNS,L-Utensil
3382,258.0,.,.,O
3383,259.0,Preheat,VB,U-Action
3384,259.0,cast,VBN,B-Utensil
3385,259.0,iron,NN,I-Utensil
3386,259.0,skillet,NN,L-Utensil
3387,259.0,to,IN,O
3388,259.0,very,RB,O
3389,259.0,hot,JJ,O
3390,259.0,.,.,O
3391,260.0,Cook,VB,U-Action
3392,260.0,frozen,JJ,B-Ingredient
3393,260.0,burgers,NNS,L-Ingredient
3394,260.0,until,IN,O
3395,260.0,they,PRP,O
3396,260.0,are,VBP,O
3397,260.0,slightly,RB,O
3398,260.0,charred,VBN,O
3399,260.0,on,IN,O
3400,260.0,one,CD,O
3401,260.0,side,NN,O
3402,260.0,(,-LRB-,O
3403,260.0,about,RB,O
3404,260.0,3,CD,O
3405,260.0,-,SYM,O
3406,260.0,4,CD,O
3407,260.0,minutes,NNS,O
3408,260.0,),-RRB-,O
3409,260.0,and,CC,O
3410,260.0,then,RB,O
3411,260.0,turn,VB,O
3412,260.0,and,CC,O
3413,260.0,cook,VBP,U-Action
3414,260.0,until,IN,O
3415,260.0,the,DT,O
3416,260.0,other,JJ,O
3417,260.0,side,NN,O
3418,260.0,is,VBZ,O
3419,260.0,slightly,RB,O
3420,260.0,charred,JJ,O
3421,260.0,and,CC,O
3422,260.0,burgers,NNS,U-Ingredient
3423,260.0,are,VBP,O
3424,260.0,medium,JJ,O
3425,260.0,-,HYPH,O
3426,260.0,well,RB,O
3427,260.0,.,.,O
3428,261.0,Mix,VB,U-Action
3429,261.0,all,PDT,O
3430,261.0,the,DT,O
3431,261.0,ingredients,NNS,O
3432,261.0,using,VBG,O
3433,261.0,a,DT,O
3434,261.0,blender,NN,U-Utensil
3435,261.0,.,.,O
3436,262.0,Pour,VB,U-Action
3437,262.0,into,IN,O
3438,262.0,popsicle,NN,B-Utensil
3439,262.0,molds,NNS,L-Utensil
3440,262.0,.,.,O
3441,263.0,Freeze,VB,U-Action
3442,263.0,and,CC,O
3443,263.0,enjoy,VB,O
3444,263.0,!,.,O
